Name,W,A,d,b,t,kdes,kdet,x,y,xp,yp,b/t,Ix,Zx,Sx,rx,Iy,Zy,Sy,ry,Iz,rz,Sz,J,Cw,ro,H,tan(_),Iw,zA,zB,zC,wA,wB,wC,SwA,SwB,SwC,SzA,SzB,SzC,PA,PA2,PB
L12X12X1-3/8,105,31.1,12.0,12.0,1.38,2.09,2  1/16,3.50,3.50,1.30,1.30,8.70,413,88.1,48.6,3.64,413,88.1,48.6,3.64,165,2.30,33.3,19.9,211,6.51,0.627,1.00,661,8.00,0,8.00,4.02,4.95,4.02,82.6,Ð,82.6,41.0,33.3,41.0,36.0,36.0,48.0
L12X12X1-1/4,96.4,28.4,12.0,12.0,1.25,1.96,1 15/16,3.45,3.45,1.18,1.18,9.60,381,80.7,44.6,3.66,381,80.7,44.6,3.66,152,2.31,31.1,14.9,160,6.54,0.627,1.00,610,8.04,0,8.04,4.05,4.88,4.05,75.9,Ð,75.9,37.5,31.1,37.5,36.0,36.0,48.0
L12X12X1-1/8,87.2,25.8,12.0,12.0,1.13,1.84,1 13/16,3.41,3.41,1.08,1.08,10.6,350,73.7,40.7,3.68,350,73.7,40.7,3.68,140,2.33,29.0,11.1,120,6.58,0.626,1.00,560,8.09,0,8.09,4.06,4.82,4.06,69.2,Ð,69.2,34.5,29.0,34.5,36.0,36.0,48.0
L12X12X1,77.8,23.0,12.0,12.0,1.00,1.71,1 11/16,3.36,3.36,0.958,0.958,12.0,315,65.9,36.5,3.70,315,65.9,36.5,3.70,126,2.34,26.5,7.80,84.5,6.61,0.626,1.00,504,8.13,0,8.13,4.09,4.75,4.09,62.0,Ð,62.0,30.8,26.5,30.8,36.0,36.0,48.0
L10X10X1-3/8,87.1,25.6,10.0,10.0,1.38,2.18,2  3/16,3.00,3.00,1.28,1.28,7.25,231,59.9,33.0,3.00,231,59.8,33.0,3.00,93.3,1.91,22.0,16.4,118,5.36,0.629,1.00,369,6.58,0,6.58,3.32,4.24,3.32,56.1,Ð,56.1,28.1,22.0,28.1,30.0,30.0,40.0
L10X10X1-1/4,79.9,23.4,10.0,10.0,1.25,2.05,2  1/16,2.95,2.95,1.17,1.17,8.00,213,54.9,30.2,3.02,213,54.9,30.2,3.02,85.4,1.91,20.5,12.3,89.4,5.39,0.628,1.00,341,6.63,0,6.63,3.34,4.17,3.34,51.4,Ð,51.4,25.6,20.5,25.6,30.0,30.0,40.0
L10X10X1-1/8,72.3,21.3,10.0,10.0,1.13,1.93,1 15/16,2.90,2.90,1.07,1.07,8.85,196,50.2,27.6,3.03,196,50.2,27.6,3.03,78.2,1.92,19.1,9.21,67.3,5.41,0.627,1.00,314,6.67,0,6.67,3.37,4.10,3.37,47.1,Ð,47.1,23.2,19.1,23.2,30.0,30.0,40.0
L10X10X1,64.7,19.0,10.0,10.0,1.00,1.80,1 13/16,2.86,2.86,0.950,0.950,10.0,177,45.0,24.8,3.05,177,45.0,24.8,3.05,70.4,1.92,17.4,6.46,47.6,5.46,0.626,1.00,284,6.72,0,6.72,3.38,4.04,3.38,42.3,Ð,42.3,20.8,17.4,20.8,30.0,30.0,40.0
L10X10X7/8,56.9,16.8,10.0,10.0,0.875,1.68,1 11/16,2.80,2.80,0.840,0.840,11.4,158,39.9,21.9,3.07,158,39.9,21.9,3.07,62.8,1.93,15.9,4.39,32.5,5.47,0.627,1.00,253,6.76,0,6.76,3.42,3.96,3.42,37.4,Ð,37.4,18.4,15.9,18.4,30.0,30.0,40.0
L10X10X3/4,49.1,14.5,10.0,10.0,0.750,1.55,1  9/16,2.76,2.76,0.725,0.725,13.3,139,34.6,19.2,3.10,139,34.6,19.2,3.10,55.7,1.96,14.3,2.80,20.9,5.53,0.628,1.00,222,6.81,0,6.81,3.43,3.90,3.43,32.6,Ð,32.6,16.2,14.3,16.2,30.0,30.0,40.0
L8X8X1-1/8,56.9,16.8,8.00,8.00,1.13,1.75,1  3/4 ,2.40,2.40,1.05,1.05,7.08,98.1,31.6,17.5,2.41,98.1,31.6,17.5,2.41,40.7,1.56,12.0,7.13,32.5,4.29,0.630,1.00,155,5.26,0,5.26,2.66,3.39,2.66,29.5,Ð,29.5,15.3,12.0,15.3,24.0,24.0,32.0
L8X8X1,51.0,15.1,8.00,8.00,1.00,1.63,1  5/8 ,2.36,2.36,0.944,0.944,8.00,89.1,28.5,15.8,2.43,89.1,28.5,15.8,2.43,36.8,1.56,11.0,5.08,23.4,4.32,0.630,1.00,141,5.30,0,5.30,2.67,3.34,2.67,26.6,Ð,26.6,13.8,11.0,13.8,24.0,24.0,32.0
L8X8X7/8,45.0,13.3,8.00,8.00,0.875,1.50,1  1/2 ,2.31,2.31,0.831,0.831,9.14,79.7,25.3,14.0,2.45,79.7,25.3,14.0,2.45,32.7,1.57,10.0,3.46,16.1,4.36,0.630,1.00,127,5.35,0,5.35,2.70,3.27,2.70,23.7,Ð,23.7,12.1,10.0,12.1,24.0,24.0,32.0
L8X8X3/4,38.9,11.5,8.00,8.00,0.750,1.38,1  3/8 ,2.26,2.26,0.719,0.719,10.7,69.9,22.0,12.2,2.46,69.9,22.0,12.2,2.46,28.5,1.57,8.91,2.21,10.4,4.39,0.630,1.00,111,5.39,0,5.39,2.73,3.20,2.73,20.6,Ð,20.6,10.4,8.91,10.4,24.0,24.0,32.0
L8X8X5/8,32.7,9.69,8.00,8.00,0.625,1.25,1  1/4 ,2.21,2.21,0.606,0.606,12.8,59.6,18.6,10.3,2.48,59.6,18.6,10.3,2.48,24.2,1.58,7.73,1.30,6.16,4.42,0.630,1.00,95.0,5.44,0,5.44,2.75,3.13,2.75,17.5,Ð,17.5,8.80,7.73,8.80,24.0,24.0,32.0
L8X8X9/16,29.6,8.77,8.00,8.00,0.563,1.19,1  3/16,2.19,2.19,0.548,0.548,14.2,54.2,16.8,9.33,2.49,54.2,16.8,9.33,2.49,21.9,1.58,7.06,0.961,4.55,4.43,0.630,1.00,86.4,5.46,0,5.46,2.76,3.10,2.76,15.8,Ð,15.8,7.93,7.06,7.93,24.0,24.0,32.0
L8X8X1/2,26.4,7.84,8.00,8.00,0.500,1.13,1  1/8 ,2.17,2.17,0.490,0.490,16.0,48.8,15.1,8.36,2.49,48.8,15.1,8.36,2.49,19.8,1.59,6.45,0.683,3.23,4.45,0.630,1.00,77.9,5.48,0,5.48,2.76,3.07,2.76,14.2,Ð,14.2,7.17,6.45,7.17,24.0,24.0,32.0
L8X6X1,44.2,13.1,6.00,8.00,1.00,1.50,1  1/2 ,1.65,2.65,0.819,1.45,8.00,80.9,27.3,15.1,2.49,38.8,16.2,8.92,1.72,21.3,1.28,7.61,4.34,16.3,3.88,Ð,0.542,98.4,3.96,1.54,5.25,2.80,2.71,1.54,24.8,63.9,18.7,7.61,7.86,13.8,22.0,20.0,28.0
L8X6X7/8,39.1,11.5,6.00,8.00,0.875,1.38,1  3/8 ,1.60,2.60,0.719,1.43,9.14,72.4,24.3,13.4,2.50,34.9,14.4,7.94,1.74,18.9,1.28,6.70,2.96,11.3,3.92,Ð,0.546,88.4,4.01,1.51,5.30,2.82,2.65,1.57,22.0,58.5,16.7,6.70,7.13,12.0,22.0,20.0,28.0
L8X6X3/4,33.8,9.99,6.00,8.00,0.750,1.25,1  1/4 ,1.56,2.55,0.624,1.34,10.7,63.5,21.1,11.7,2.52,30.8,12.5,6.92,1.75,16.6,1.29,5.85,1.90,7.28,3.95,Ð,0.550,77.8,4.05,1.48,5.35,2.84,2.60,1.59,19.2,52.6,14.5,5.85,6.38,10.4,22.0,20.0,28.0
L8X6X5/8,28.5,8.41,6.00,8.00,0.625,1.13,1  1/8 ,1.51,2.50,0.526,1.27,12.8,54.2,17.9,9.86,2.54,26.4,10.5,5.88,1.77,14.1,1.29,4.91,1.12,4.33,3.98,Ð,0.554,66.5,4.09,1.45,5.39,2.87,2.53,1.62,16.3,45.9,12.3,4.91,5.57,8.70,22.0,20.0,28.0
L8X6X9/16,25.7,7.61,6.00,8.00,0.563,1.06,1  1/16,1.49,2.48,0.476,1.24,14.2,49.4,16.2,8.94,2.55,24.1,9.52,5.34,1.78,12.8,1.30,4.46,0.823,3.20,3.99,Ð,0.556,60.7,4.11,1.44,5.41,2.87,2.51,1.62,14.8,42.2,11.2,4.46,5.10,7.90,22.0,20.0,28.0
L8X6X1/2,23.0,6.80,6.00,8.00,0.500,1.00,1      ,1.46,2.46,0.425,1.20,16.0,44.4,14.6,8.01,2.55,21.7,8.52,4.79,1.79,11.5,1.30,3.98,0.584,2.28,4.01,Ð,0.557,54.6,4.14,1.44,5.43,2.89,2.47,1.64,13.2,37.9,10.1,3.98,4.66,7.01,22.0,20.0,28.0
L8X6X7/16,20.2,5.99,6.00,8.00,0.438,0.938, 15/16,1.44,2.43,0.374,1.15,18.3,39.3,12.9,7.06,2.56,19.3,7.50,4.23,1.80,10.2,1.31,3.52,0.396,1.55,4.02,Ð,0.559,48.4,4.16,1.42,5.46,2.90,2.44,1.65,11.6,34.1,8.86,3.52,4.18,6.18,22.0,20.0,28.0
L8X4X1,37.4,11.1,4.00,8.00,1.00,1.50,1  1/2 ,1.04,3.03,0.694,2.45,8.00,69.7,24.3,14.0,2.51,11.6,7.73,3.94,1.03,7.83,0.844,3.45,3.68,12.9,3.75,Ð,0.247,73.4,3.17,2.69,4.95,2.27,1.74,0.667,23.2,27.3,14.8,3.45,4.50,11.7,20.0,16.0,24.0
L8X4X7/8,33.1,9.79,4.00,8.00,0.875,1.38,1  3/8 ,0.997,2.99,0.612,2.41,9.14,62.6,21.7,12.5,2.53,10.5,6.77,3.51,1.04,6.97,0.846,3.04,2.51,8.89,3.78,Ð,0.252,66.1,3.21,2.66,4.99,2.29,1.70,0.681,20.6,24.8,13.2,3.04,4.10,10.2,20.0,16.0,24.0
L8X4X3/4,28.7,8.49,4.00,8.00,0.750,1.25,1  1/4 ,0.949,2.94,0.531,2.34,10.7,55.0,18.9,10.9,2.55,9.37,5.82,3.07,1.05,6.14,0.850,2.65,1.61,5.75,3.80,Ð,0.257,58.2,3.24,2.61,5.04,2.32,1.65,0.704,18.0,22.3,11.5,2.65,3.72,8.72,20.0,16.0,24.0
L8X4X5/8,24.2,7.16,4.00,8.00,0.625,1.13,1  1/8 ,0.902,2.89,0.448,2.27,12.8,47.0,16.1,9.20,2.56,8.11,4.86,2.62,1.06,5.24,0.856,2.24,0.955,3.42,3.83,Ð,0.262,49.9,3.28,2.57,5.09,2.34,1.61,0.725,15.2,19.4,9.80,2.24,3.25,7.23,20.0,16.0,24.0
L8X4X9/16,21.9,6.49,4.00,8.00,0.563,1.06,1  1/16,0.878,2.86,0.406,2.23,14.2,42.9,14.6,8.34,2.57,7.44,4.39,2.38,1.07,4.78,0.859,2.03,0.704,2.53,3.84,Ð,0.264,45.6,3.29,2.54,5.12,2.36,1.58,0.736,13.9,18.0,8.91,2.03,3.03,6.49,20.0,16.0,24.0
L8X4X1/2,19.6,5.80,4.00,8.00,0.500,1.00,1      ,0.854,2.84,0.363,2.20,16.0,38.6,13.1,7.48,2.58,6.75,3.91,2.15,1.08,4.32,0.863,1.82,0.501,1.80,3.86,Ð,0.266,41.0,3.31,2.52,5.14,2.37,1.56,0.744,12.4,16.3,7.98,1.82,2.77,5.81,20.0,16.0,24.0
L8X4X7/16,17.2,5.11,4.00,8.00,0.438,0.938, 15/16,0.829,2.81,0.319,2.16,18.3,34.2,11.6,6.59,2.59,6.03,3.42,1.90,1.09,3.84,0.867,1.61,0.340,1.22,3.87,Ð,0.268,36.4,3.33,2.50,5.17,2.39,1.53,0.758,10.9,14.6,7.04,1.61,2.51,5.07,20.0,16.0,24.0
L7X4X3/4,26.2,7.74,4.00,7.00,0.750,1.25,1  1/4 ,1.00,2.50,0.553,1.84,9.33,37.8,14.8,8.39,2.21,9.00,5.60,3.01,1.08,5.63,0.855,2.56,1.47,3.97,3.31,Ð,0.324,41.2,2.95,2.07,4.47,2.20,1.72,0.790,14.0,19.9,9.22,2.56,3.27,7.13,18.0,15.0,22.0
L7X4X5/8,22.1,6.50,4.00,7.00,0.625,1.13,1  1/8 ,0.958,2.45,0.464,1.80,11.2,32.4,12.5,7.12,2.23,7.79,4.69,2.56,1.10,4.81,0.860,2.17,0.868,2.37,3.34,Ð,0.329,35.4,2.98,2.03,4.52,2.22,1.68,0.808,11.9,17.4,7.83,2.17,2.86,5.95,18.0,15.0,22.0
L7X4X1/2,17.9,5.26,4.00,7.00,0.500,1.00,1      ,0.910,2.40,0.376,1.74,14.0,26.6,10.2,5.79,2.25,6.48,3.77,2.10,1.11,3.94,0.866,1.75,0.456,1.25,3.37,Ð,0.334,29.1,3.02,1.99,4.57,2.25,1.62,0.834,9.64,14.6,6.37,1.75,2.43,4.72,18.0,15.0,22.0
L7X4X7/16,15.7,4.63,4.00,7.00,0.438,0.938, 15/16,0.886,2.38,0.331,1.71,16.0,23.6,9.03,5.11,2.26,5.79,3.31,1.86,1.12,3.50,0.869,1.55,0.310,0.851,3.38,Ð,0.337,25.9,3.04,1.97,4.59,2.26,1.60,0.846,8.52,13.1,5.64,1.55,2.19,4.14,18.0,15.0,22.0
L7X4X3/8,13.6,4.00,4.00,7.00,0.375,0.875,  7/8 ,0.861,2.35,0.286,1.67,18.7,20.5,7.81,4.42,2.27,5.06,2.84,1.61,1.12,3.04,0.873,1.33,0.198,0.544,3.40,Ð,0.339,22.5,3.06,1.95,4.62,2.28,1.57,0.859,7.35,11.5,4.87,1.33,1.94,3.54,18.0,15.0,22.0
L6X6X1,37.4,11.0,6.00,6.00,1.00,1.50,1  1/2 ,1.86,1.86,0.917,0.917,6.00,35.4,15.4,8.55,1.79,35.4,15.4,8.55,1.79,14.9,1.17,5.67,3.68,9.24,3.18,0.640,1.00,55.8,3.89,0,3.89,1.97,2.63,1.97,14.3,Ð,14.3,7.56,5.67,7.56,18.0,18.0,24.0
L6X6X7/8,33.1,9.75,6.00,6.00,0.875,1.38,1  3/8 ,1.81,1.81,0.813,0.813,6.86,31.9,13.7,7.61,1.81,31.9,13.7,7.61,1.81,13.3,1.17,5.20,2.51,6.41,3.21,0.630,1.00,50.5,3.93,0,3.93,1.99,2.56,1.99,12.8,Ð,12.8,6.68,5.20,6.68,18.0,18.0,24.0
L6X6X3/4,28.7,8.46,6.00,6.00,0.750,1.25,1  1/4 ,1.77,1.77,0.705,0.705,8.00,28.1,11.9,6.64,1.82,28.1,11.9,6.64,1.82,11.6,1.17,4.64,1.61,4.17,3.24,0.630,1.00,44.6,3.98,0,3.98,2.00,2.50,2.00,11.2,Ð,11.2,5.80,4.64,5.80,18.0,18.0,24.0
L6X6X5/8,24.2,7.13,6.00,6.00,0.625,1.13,1  1/8 ,1.72,1.72,0.594,0.594,9.60,24.1,10.1,5.64,1.84,24.1,10.1,5.64,1.84,9.81,1.17,4.04,0.955,2.50,3.28,0.630,1.00,38.4,4.02,0,4.02,2.03,2.43,2.03,9.55,Ð,9.55,4.83,4.04,4.83,18.0,18.0,24.0
L6X6X9/16,21.9,6.45,6.00,6.00,0.563,1.06,1  1/16,1.70,1.70,0.538,0.538,10.7,22.0,9.18,5.12,1.85,22.0,9.18,5.12,1.85,8.90,1.18,3.71,0.704,1.85,3.29,0.630,1.00,35.1,4.04,0,4.04,2.04,2.40,2.04,8.69,Ð,8.69,4.36,3.71,4.36,18.0,18.0,24.0
L6X6X1/2,19.6,5.77,6.00,6.00,0.500,1.00,1      ,1.67,1.67,0.481,0.481,12.0,19.9,8.22,4.59,1.86,19.9,8.22,4.59,1.86,8.06,1.18,3.42,0.501,1.32,3.31,0.630,1.00,31.8,4.07,0,4.07,2.06,2.36,2.06,7.81,Ð,7.81,3.91,3.42,3.91,18.0,18.0,24.0
L6X6X7/16,17.2,5.08,6.00,6.00,0.438,0.938, 15/16,1.65,1.65,0.423,0.423,13.7,17.6,7.25,4.06,1.86,17.6,7.25,4.06,1.86,7.05,1.18,3.03,0.340,0.899,3.32,0.630,1.00,28.1,4.09,0,4.09,2.06,2.33,2.06,6.87,Ð,6.87,3.42,3.03,3.42,18.0,18.0,24.0
L6X6X3/8,14.9,4.38,6.00,6.00,0.375,0.875,  7/8 ,1.62,1.62,0.365,0.365,16.0,15.4,6.27,3.51,1.87,15.4,6.27,3.51,1.87,6.21,1.19,2.71,0.218,0.575,3.34,0.630,1.00,24.6,4.11,0,4.11,2.08,2.29,2.08,5.99,Ð,5.99,2.99,2.71,2.99,18.0,18.0,24.0
L6X6X5/16,12.4,3.67,6.00,6.00,0.313,0.813, 13/16,1.60,1.60,0.306,0.306,19.2,13.0,5.26,2.95,1.88,13.0,5.26,2.95,1.88,5.20,1.19,2.30,0.129,0.338,3.35,0.630,1.00,20.8,4.13,0,4.13,2.09,2.26,2.09,5.04,Ð,5.04,2.49,2.30,2.49,18.0,18.0,24.0
L6X4X7/8,27.2,8.00,4.00,6.00,0.875,1.38,1  3/8 ,1.12,2.12,0.667,1.43,6.86,27.7,12.7,7.13,1.86,9.70,6.26,3.37,1.10,5.82,0.854,2.91,2.03,4.04,2.82,Ð,0.421,31.6,2.67,1.52,3.84,2.00,1.86,0.877,11.8,20.8,8.23,2.91,3.13,6.64,16.0,14.0,20.0
L6X4X3/4,23.6,6.94,4.00,6.00,0.750,1.25,1  1/4 ,1.07,2.07,0.578,1.37,8.00,24.5,11.1,6.23,1.88,8.63,5.42,2.95,1.12,5.08,0.856,2.50,1.31,2.64,2.85,Ð,0.428,28.1,2.71,1.48,3.89,2.03,1.80,0.906,10.4,19.0,7.22,2.50,2.82,5.61,16.0,14.0,20.0
L6X4X5/8,20.0,5.86,4.00,6.00,0.625,1.13,1  1/8 ,1.03,2.03,0.488,1.31,9.60,21.0,9.44,5.29,1.89,7.48,4.56,2.52,1.13,4.32,0.859,2.12,0.775,1.59,2.88,Ð,0.435,24.2,2.76,1.45,3.93,2.04,1.75,0.926,8.77,16.7,6.16,2.12,2.47,4.67,16.0,14.0,20.0
L6X4X9/16,18.1,5.31,4.00,6.00,0.563,1.06,1  1/16,1.00,2.00,0.443,1.28,10.7,19.2,8.59,4.81,1.90,6.86,4.13,2.29,1.14,3.93,0.861,1.91,0.572,1.18,2.90,Ð,0.438,22.1,2.78,1.43,3.95,2.06,1.72,0.947,7.95,15.5,5.59,1.91,2.28,4.15,16.0,14.0,20.0
L6X4X1/2,16.2,4.75,4.00,6.00,0.500,1.00,1      ,0.981,1.98,0.396,1.25,12.0,17.3,7.71,4.31,1.91,6.22,3.69,2.06,1.14,3.54,0.864,1.72,0.407,0.843,2.91,Ð,0.440,20.0,2.80,1.41,3.97,2.06,1.70,0.955,7.14,14.2,5.04,1.72,2.08,3.71,16.0,14.0,20.0
L6X4X7/16,14.3,4.18,4.00,6.00,0.438,0.938, 15/16,0.957,1.95,0.348,1.22,13.7,15.4,6.81,3.81,1.92,5.56,3.24,1.83,1.15,3.14,0.867,1.51,0.276,0.575,2.93,Ð,0.443,17.8,2.82,1.39,4.00,2.08,1.67,0.970,6.31,12.8,4.45,1.51,1.88,3.24,16.0,14.0,20.0
L6X4X3/8,12.3,3.61,4.00,6.00,0.375,0.875,  7/8 ,0.933,1.93,0.301,1.19,16.0,13.4,5.89,3.30,1.93,4.86,2.79,1.58,1.16,2.73,0.870,1.31,0.177,0.369,2.94,Ð,0.446,15.5,2.84,1.38,4.02,2.09,1.64,0.979,5.46,11.2,3.86,1.31,1.66,2.79,16.0,14.0,20.0
L6X4X5/16,10.3,3.03,4.00,6.00,0.313,0.813, 13/16,0.908,1.90,0.253,1.15,19.2,11.4,4.96,2.77,1.94,4.13,2.33,1.34,1.17,2.31,0.874,1.09,0.104,0.217,2.96,Ð,0.449,13.2,2.85,1.36,4.05,2.11,1.60,0.988,4.63,9.71,3.26,1.09,1.44,2.34,16.0,14.0,20.0
L6X3-1/2X1/2,15.3,4.50,3.50,6.00,0.500,1.00,1      ,0.829,2.07,0.375,1.50,12.0,16.6,7.49,4.23,1.92,4.24,2.88,1.59,0.968,2.59,0.756,1.34,0.386,0.779,2.88,Ð,0.343,18.3,2.59,1.69,3.90,1.94,1.46,0.729,7.07,10.8,4.69,1.34,1.77,3.55,15.5,13.0,19.0
L6X3-1/2X3/8,11.7,3.44,3.50,6.00,0.375,0.875,  7/8 ,0.781,2.02,0.287,1.41,16.0,12.9,5.74,3.23,1.93,3.33,2.18,1.22,0.984,2.01,0.763,1.02,0.168,0.341,2.90,Ð,0.349,14.2,2.62,1.65,3.95,1.97,1.40,0.748,5.42,8.61,3.59,1.02,1.44,2.69,15.5,13.0,19.0
L6X3-1/2X5/16,9.80,2.89,3.50,6.00,0.313,0.813, 13/16,0.756,2.00,0.241,1.38,19.2,10.9,4.84,2.72,1.94,2.84,1.82,1.03,0.991,1.70,0.767,0.859,0.0990,0.201,2.92,Ð,0.352,12.0,2.65,1.64,3.97,1.98,1.38,0.764,4.53,7.32,3.02,0.859,1.23,2.23,15.5,13.0,19.0
L5X5X7/8,27.2,8.00,5.00,5.00,0.875,1.38,1  3/8 ,1.56,1.56,0.800,0.800,5.71,17.8,9.31,5.16,1.49,17.8,9.31,5.16,1.49,7.60,0.971,3.44,2.07,3.53,2.64,0.640,1.00,28.0,3.23,0,3.23,1.64,2.21,1.64,8.67,Ð,8.67,4.63,3.44,4.63,15.0,15.0,20.0
L5X5X3/4,23.6,6.98,5.00,5.00,0.750,1.25,1  1/4 ,1.52,1.52,0.698,0.698,6.67,15.7,8.14,4.52,1.50,15.7,8.14,4.52,1.50,6.55,0.972,3.05,1.33,2.32,2.67,0.630,1.00,24.8,3.27,0,3.27,1.65,2.15,1.65,7.58,Ð,7.58,3.97,3.05,3.97,15.0,15.0,20.0
L5X5X5/8,20.0,5.90,5.00,5.00,0.625,1.13,1  1/8 ,1.47,1.47,0.590,0.590,8.00,13.6,6.93,3.85,1.52,13.6,6.93,3.85,1.52,5.62,0.975,2.70,0.792,1.40,2.70,0.630,1.00,21.6,3.31,0,3.31,1.68,2.08,1.68,6.53,Ð,6.53,3.35,2.70,3.35,15.0,15.0,20.0
L5X5X1/2,16.2,4.79,5.00,5.00,0.500,1.00,1      ,1.42,1.42,0.479,0.479,10.0,11.3,5.66,3.15,1.53,11.3,5.66,3.15,1.53,4.64,0.980,2.31,0.417,0.744,2.73,0.630,1.00,18.0,3.36,0,3.36,1.70,2.01,1.70,5.36,Ð,5.36,2.73,2.31,2.73,15.0,15.0,20.0
L5X5X7/16,14.3,4.22,5.00,5.00,0.438,0.938, 15/16,1.40,1.40,0.422,0.422,11.4,10.0,5.00,2.78,1.54,10.0,5.00,2.78,1.54,4.04,0.983,2.04,0.284,0.508,2.74,0.630,1.00,15.9,3.38,0,3.38,1.71,1.98,1.71,4.70,Ð,4.70,2.36,2.04,2.36,15.0,15.0,20.0
L5X5X3/8,12.3,3.65,5.00,5.00,0.375,0.875,  7/8 ,1.37,1.37,0.365,0.365,13.3,8.76,4.33,2.41,1.55,8.76,4.33,2.41,1.55,3.55,0.986,1.83,0.183,0.327,2.76,0.630,1.00,14.0,3.40,0,3.40,1.73,1.94,1.73,4.12,Ð,4.12,2.05,1.83,2.05,15.0,15.0,20.0
L5X5X5/16,10.3,3.07,5.00,5.00,0.313,0.813, 13/16,1.35,1.35,0.307,0.307,16.0,7.44,3.65,2.04,1.56,7.44,3.65,2.04,1.56,3.00,0.990,1.57,0.108,0.193,2.77,0.630,1.00,11.9,3.42,0,3.42,1.74,1.91,1.74,3.48,Ð,3.48,1.72,1.57,1.72,15.0,15.0,20.0
L5X3-1/2X3/4,19.8,5.85,3.50,5.00,0.750,1.19,1  3/16,0.993,1.74,0.585,1.10,6.67,13.9,7.60,4.26,1.55,5.52,4.07,2.20,0.974,3.23,0.744,1.90,1.09,1.52,2.36,Ð,0.464,16.2,2.29,1.16,3.22,1.70,1.63,0.810,7.07,14.0,5.03,1.90,1.98,3.99,13.5,12.0,17.0
L5X3-1/2X5/8,16.8,4.93,3.50,5.00,0.625,1.06,1  1/16,0.947,1.69,0.493,1.06,8.00,12.0,6.50,3.63,1.56,4.80,3.43,1.88,0.987,2.74,0.746,1.59,0.651,0.918,2.39,Ð,0.472,14.1,2.33,1.12,3.26,1.72,1.58,0.838,6.05,12.6,4.33,1.59,1.73,3.27,13.5,12.0,17.0
L5X3-1/2X1/2,13.6,4.00,3.50,5.00,0.500,0.938, 15/16,0.901,1.65,0.400,1.00,10.0,10.0,5.33,2.97,1.58,4.02,2.79,1.55,1.00,2.26,0.750,1.30,0.343,0.491,2.42,Ð,0.479,11.8,2.38,1.10,3.30,1.74,1.52,0.854,4.96,10.7,3.58,1.30,1.49,2.65,13.5,12.0,17.0
L5X3-1/2X3/8,10.4,3.05,3.50,5.00,0.375,0.813, 13/16,0.854,1.60,0.305,0.933,13.3,7.75,4.09,2.28,1.59,3.15,2.12,1.19,1.02,1.73,0.755,0.983,0.150,0.217,2.45,Ð,0.485,9.16,2.43,1.07,3.35,1.76,1.47,0.884,3.77,8.56,2.73,0.983,1.18,1.96,13.5,12.0,17.0
L5X3-1/2X5/16,8.70,2.56,3.50,5.00,0.313,0.750,  3/4 ,0.829,1.57,0.256,0.904,16.0,6.58,3.45,1.92,1.60,2.69,1.77,1.01,1.02,1.47,0.758,0.826,0.0883,0.128,2.47,Ð,0.489,7.80,2.44,1.05,3.38,1.78,1.43,0.902,3.20,7.43,2.31,0.826,1.03,1.63,13.5,12.0,17.0
L5X3-1/2X1/4,7.00,2.07,3.50,5.00,0.250,0.688, 11/16,0.804,1.55,0.207,0.860,20.0,5.36,2.78,1.55,1.61,2.20,1.42,0.816,1.03,1.19,0.761,0.665,0.0464,0.0670,2.48,Ð,0.491,6.37,2.47,1.04,3.40,1.79,1.41,0.912,2.58,6.13,1.87,0.665,0.844,1.30,13.5,12.0,17.0
L5X3X1/2,12.8,3.75,3.00,5.00,0.500,0.938, 15/16,0.746,1.74,0.375,1.25,10.0,9.43,5.12,2.89,1.58,2.55,2.08,1.13,0.824,1.55,0.642,0.957,0.322,0.444,2.38,Ð,0.357,10.4,2.16,1.39,3.24,1.62,1.29,0.628,4.81,7.48,3.21,0.957,1.20,2.47,13.0,11.0,16.0
L5X3X7/16,11.3,3.31,3.00,5.00,0.438,0.875,  7/8 ,0.722,1.72,0.331,1.22,11.4,8.41,4.53,2.56,1.59,2.29,1.82,1.00,0.831,1.37,0.644,0.840,0.220,0.304,2.39,Ð,0.361,9.33,2.19,1.37,3.26,1.63,1.26,0.640,4.26,6.81,2.86,0.840,1.09,2.14,13.0,11.0,16.0
L5X3X3/8,9.80,2.86,3.00,5.00,0.375,0.813, 13/16,0.698,1.69,0.286,1.19,13.3,7.35,3.93,2.22,1.60,2.01,1.57,0.874,0.838,1.20,0.646,0.727,0.141,0.196,2.41,Ð,0.364,8.16,2.20,1.35,3.29,1.65,1.23,0.652,3.71,6.04,2.48,0.727,0.976,1.84,13.0,11.0,16.0
L5X3X5/16,8.20,2.41,3.00,5.00,0.313,0.750,  3/4 ,0.673,1.67,0.241,1.14,16.0,6.24,3.32,1.87,1.61,1.72,1.31,0.739,0.846,1.01,0.649,0.608,0.0832,0.116,2.42,Ð,0.368,6.95,2.22,1.33,3.30,1.66,1.21,0.665,3.13,5.23,2.11,0.608,0.835,1.52,13.0,11.0,16.0
L5X3X1/4,6.60,1.94,3.00,5.00,0.250,0.688, 11/16,0.648,1.64,0.194,1.12,20.0,5.09,2.68,1.51,1.62,1.41,1.05,0.600,0.853,0.825,0.652,0.491,0.0438,0.0606,2.43,Ð,0.371,5.68,2.24,1.31,3.33,1.68,1.18,0.677,2.54,4.34,1.71,0.491,0.699,1.22,13.0,11.0,16.0
L4X4X3/4,18.5,5.44,4.00,4.00,0.750,1.13,1  1/8 ,1.27,1.27,0.680,0.680,5.33,7.62,5.02,2.79,1.18,7.62,5.02,2.79,1.18,3.25,0.774,1.81,1.02,1.12,2.10,0.640,1.00,12.0,2.56,0,2.56,1.30,1.80,1.30,4.69,Ð,4.69,2.50,1.81,2.50,12.0,12.0,16.0
L4X4X5/8,15.7,4.61,4.00,4.00,0.625,1.00,1      ,1.22,1.22,0.576,0.576,6.40,6.62,4.28,2.38,1.20,6.62,4.28,2.38,1.20,2.76,0.774,1.60,0.610,0.680,2.13,0.630,1.00,10.5,2.61,0,2.61,1.32,1.73,1.32,4.02,Ð,4.02,2.09,1.60,2.09,12.0,12.0,16.0
L4X4X1/2,12.8,3.75,4.00,4.00,0.500,0.875,  7/8 ,1.18,1.18,0.469,0.469,8.00,5.52,3.50,1.96,1.21,5.52,3.50,1.96,1.21,2.25,0.776,1.35,0.322,0.366,2.16,0.630,1.00,8.79,2.65,0,2.65,1.34,1.67,1.34,3.32,Ð,3.32,1.68,1.35,1.68,12.0,12.0,16.0
L4X4X7/16,11.3,3.30,4.00,4.00,0.438,0.813, 13/16,1.15,1.15,0.413,0.413,9.13,4.93,3.10,1.73,1.22,4.93,3.10,1.73,1.22,1.99,0.777,1.22,0.220,0.252,2.18,0.630,1.00,7.86,2.67,0,2.67,1.36,1.63,1.36,2.94,Ð,2.94,1.46,1.22,1.46,12.0,12.0,16.0
L4X4X3/8,9.80,2.86,4.00,4.00,0.375,0.750,  3/4 ,1.13,1.13,0.358,0.358,10.7,4.32,2.69,1.50,1.23,4.32,2.69,1.50,1.23,1.73,0.779,1.08,0.141,0.162,2.19,0.630,1.00,6.91,2.70,0,2.70,1.36,1.60,1.36,2.56,Ð,2.56,1.27,1.08,1.27,12.0,12.0,16.0
L4X4X5/16,8.20,2.40,4.00,4.00,0.313,0.688, 11/16,1.11,1.11,0.300,0.300,12.8,3.67,2.26,1.27,1.24,3.67,2.26,1.27,1.24,1.46,0.781,0.930,0.0832,0.0963,2.21,0.630,1.00,5.88,2.72,0,2.72,1.37,1.57,1.37,2.16,Ð,2.16,1.07,0.930,1.07,12.0,12.0,16.0
L4X4X1/4,6.60,1.93,4.00,4.00,0.250,0.625,  5/8 ,1.08,1.08,0.241,0.241,16.0,3.00,1.82,1.03,1.25,3.00,1.82,1.03,1.25,1.19,0.783,0.778,0.0438,0.0505,2.22,0.630,1.00,4.82,2.74,0,2.74,1.39,1.53,1.39,1.76,Ð,1.76,0.856,0.778,0.856,12.0,12.0,16.0
L4X3-1/2X1/2,11.9,3.50,3.50,4.00,0.500,0.875,  7/8 ,0.994,1.24,0.438,0.500,8.00,5.30,3.46,1.92,1.23,3.76,2.69,1.50,1.04,1.79,0.716,1.16,0.301,0.302,2.03,Ð,0.750,7.26,2.29,0.397,2.66,1.41,1.54,1.06,3.17,18.3,2.73,1.27,1.16,1.69,11.5,11.0,15.0
L4X3-1/2X3/8,9.10,2.68,3.50,4.00,0.375,0.750,  3/4 ,0.947,1.20,0.335,0.427,10.7,4.15,2.66,1.48,1.25,2.96,2.06,1.16,1.05,1.39,0.719,0.939,0.132,0.134,2.06,Ð,0.755,5.73,2.35,0.387,2.69,1.43,1.48,1.08,2.44,14.8,2.13,0.972,0.939,1.29,11.5,11.0,15.0
L4X3-1/2X5/16,7.70,2.25,3.50,4.00,0.313,0.688, 11/16,0.923,1.17,0.281,0.400,12.8,3.53,2.24,1.25,1.25,2.52,1.74,0.980,1.06,1.16,0.721,0.806,0.0782,0.0798,2.08,Ð,0.757,4.88,2.36,0.376,2.72,1.44,1.44,1.10,2.07,13.0,1.79,0.806,0.806,1.05,11.5,11.0,15.0
L4X3-1/2X1/4,6.20,1.82,3.50,4.00,0.250,0.625,  5/8 ,0.897,1.14,0.228,0.360,16.0,2.89,1.81,1.01,1.26,2.07,1.40,0.794,1.07,0.953,0.723,0.653,0.0412,0.0419,2.09,Ð,0.759,4.01,2.38,0.365,2.74,1.46,1.40,1.11,1.68,11.0,1.46,0.653,0.681,0.859,11.5,11.0,15.0
L4X3X5/8,13.6,3.99,3.00,4.00,0.625,1.00,1      ,0.867,1.37,0.499,0.808,6.40,6.01,4.08,2.28,1.23,2.85,2.45,1.34,0.845,1.59,0.631,1.13,0.529,0.472,1.91,Ð,0.534,7.27,1.94,0.801,2.58,1.38,1.41,0.749,3.75,9.08,2.82,1.15,1.13,2.12,11.0,10.0,14.0
L4X3X1/2,11.1,3.25,3.00,4.00,0.500,0.875,  7/8 ,0.822,1.32,0.406,0.750,8.00,5.02,3.36,1.87,1.24,2.40,1.99,1.10,0.858,1.30,0.633,0.929,0.281,0.255,1.94,Ð,0.542,6.12,1.98,0.768,2.63,1.40,1.35,0.777,3.09,7.97,2.33,0.929,0.963,1.67,11.0,10.0,14.0
L4X3X3/8,8.50,2.49,3.00,4.00,0.375,0.750,  3/4 ,0.775,1.27,0.311,0.680,10.7,3.94,2.60,1.44,1.26,1.89,1.52,0.851,0.873,1.00,0.636,0.699,0.123,0.114,1.97,Ð,0.551,4.82,2.02,0.739,2.68,1.43,1.29,0.801,2.39,6.52,1.80,0.699,0.775,1.25,11.0,10.0,14.0
L4X3X5/16,7.20,2.09,3.00,4.00,0.313,0.688, 11/16,0.750,1.25,0.261,0.656,12.8,3.36,2.19,1.22,1.27,1.62,1.28,0.721,0.880,0.849,0.638,0.590,0.0731,0.0676,1.98,Ð,0.554,4.13,2.05,0.730,2.69,1.44,1.26,0.814,2.01,5.66,1.54,0.590,0.674,1.04,11.0,10.0,14.0
L4X3X1/4,5.80,1.69,3.00,4.00,0.250,0.625,  5/8 ,0.725,1.22,0.211,0.620,16.0,2.75,1.77,0.988,1.27,1.33,1.03,0.585,0.887,0.692,0.639,0.474,0.0386,0.0356,1.99,Ð,0.558,3.39,2.06,0.713,2.72,1.46,1.23,0.828,1.65,4.75,1.25,0.474,0.563,0.836,11.0,10.0,14.0
L3-1/2X3-1/2X1/2,11.1,3.25,3.50,3.50,0.500,0.875,  7/8 ,1.05,1.05,0.464,0.464,7.00,3.63,2.66,1.48,1.05,3.63,2.66,1.48,1.05,1.51,0.679,1.02,0.281,0.238,1.87,0.630,1.00,5.75,2.30,0,2.30,1.17,1.48,1.17,2.50,Ð,2.50,1.29,1.02,1.29,10.5,10.5,14.0
L3-1/2X3-1/2X7/16,9.80,2.89,3.50,3.50,0.438,0.813, 13/16,1.03,1.03,0.413,0.413,7.99,3.25,2.36,1.32,1.06,3.25,2.36,1.32,1.06,1.33,0.681,0.911,0.192,0.164,1.89,0.630,1.00,5.16,2.32,0,2.32,1.17,1.46,1.17,2.22,Ð,2.22,1.14,0.911,1.14,10.5,10.5,14.0
L3-1/2X3-1/2X3/8,8.50,2.50,3.50,3.50,0.375,0.750,  3/4 ,1.00,1.00,0.357,0.357,9.33,2.86,2.06,1.15,1.07,2.86,2.06,1.15,1.07,1.17,0.683,0.830,0.123,0.106,1.90,0.630,1.00,4.55,2.34,0,2.34,1.19,1.41,1.19,1.94,Ð,1.94,0.983,0.830,0.983,10.5,10.5,14.0
L3-1/2X3-1/2X5/16,7.20,2.10,3.50,3.50,0.313,0.688, 11/16,0.979,0.979,0.300,0.300,11.2,2.44,1.74,0.969,1.08,2.44,1.74,0.969,1.08,0.984,0.685,0.713,0.0731,0.0634,1.92,0.630,1.00,3.89,2.36,0,2.36,1.20,1.38,1.20,1.65,Ð,1.65,0.820,0.713,0.820,10.5,10.5,14.0
L3-1/2X3-1/2X1/4,5.80,1.70,3.50,3.50,0.250,0.625,  5/8 ,0.954,0.954,0.243,0.243,14.0,2.00,1.41,0.787,1.09,2.00,1.41,0.787,1.09,0.802,0.688,0.594,0.0386,0.0334,1.93,0.630,1.00,3.19,2.39,0,2.39,1.21,1.35,1.21,1.33,Ð,1.33,0.663,0.594,0.663,10.5,10.5,14.0
L3-1/2X3X1/2,10.2,3.02,3.00,3.50,0.500,0.875,  7/8 ,0.869,1.12,0.431,0.480,7.00,3.45,2.61,1.45,1.07,2.32,1.97,1.09,0.877,1.15,0.618,0.846,0.260,0.191,1.75,Ð,0.713,4.62,1.95,0.407,2.30,1.23,1.36,0.878,2.37,11.4,2.01,0.935,0.846,1.31,10.0,9.50,13.0
L3-1/2X3X7/16,9.10,2.67,3.00,3.50,0.438,0.813, 13/16,0.846,1.09,0.381,0.449,7.99,3.10,2.32,1.29,1.08,2.09,1.75,0.971,0.885,1.02,0.620,0.773,0.178,0.132,1.76,Ð,0.717,4.16,1.96,0.393,2.32,1.24,1.32,0.894,2.12,10.6,1.79,0.823,0.773,1.14,10.0,9.50,13.0
L3-1/2X3X3/8,7.90,2.32,3.00,3.50,0.375,0.750,  3/4 ,0.823,1.07,0.331,0.407,9.33,2.73,2.03,1.12,1.09,1.84,1.52,0.847,0.892,0.894,0.622,0.693,0.114,0.0858,1.78,Ð,0.720,3.68,1.99,0.389,2.34,1.25,1.29,0.901,1.85,9.46,1.57,0.715,0.693,0.992,10.0,9.50,13.0
L3-1/2X3X5/16,6.60,1.95,3.00,3.50,0.313,0.688, 11/16,0.798,1.05,0.279,0.380,11.2,2.33,1.72,0.951,1.09,1.58,1.28,0.718,0.900,0.758,0.624,0.602,0.0680,0.0512,1.79,Ð,0.722,3.15,2.01,0.383,2.36,1.26,1.26,0.916,1.57,8.22,1.33,0.602,0.602,0.828,10.0,9.50,13.0
L3-1/2X3X1/4,5.40,1.58,3.00,3.50,0.250,0.625,  5/8 ,0.773,1.02,0.226,0.340,14.0,1.92,1.39,0.773,1.10,1.30,1.04,0.585,0.908,0.622,0.628,0.486,0.0360,0.0270,1.80,Ð,0.725,2.60,2.03,0.374,2.39,1.28,1.22,0.928,1.28,6.95,1.09,0.486,0.510,0.670,10.0,9.50,13.0
L3-1/2X2-1/2X1/2,9.40,2.77,2.50,3.50,0.500,0.875,  7/8 ,0.701,1.20,0.396,0.730,7.00,3.24,2.52,1.41,1.08,1.36,1.39,0.756,0.701,0.781,0.532,0.651,0.234,0.159,1.66,Ð,0.485,3.82,1.64,0.774,2.27,1.20,1.15,0.598,2.33,4.94,1.68,0.651,0.679,1.31,9.50,8.50,12.0
L3-1/2X2-1/2X3/8,7.20,2.12,2.50,3.50,0.375,0.750,  3/4 ,0.655,1.15,0.303,0.673,9.33,2.56,1.96,1.09,1.10,1.09,1.07,0.589,0.716,0.609,0.535,0.499,0.103,0.0714,1.69,Ð,0.495,3.04,1.68,0.739,2.31,1.22,1.10,0.626,1.81,4.11,1.32,0.499,0.554,0.973,9.50,8.50,12.0
L3-1/2X2-1/2X5/16,6.10,1.79,2.50,3.50,0.313,0.688, 11/16,0.632,1.13,0.256,0.636,11.2,2.20,1.67,0.925,1.11,0.937,0.900,0.501,0.723,0.518,0.538,0.418,0.0611,0.0426,1.71,Ð,0.500,2.62,1.71,0.729,2.33,1.24,1.07,0.633,1.53,3.59,1.12,0.418,0.484,0.818,9.50,8.50,12.0
L3-1/2X2-1/2X1/4,4.90,1.45,2.50,3.50,0.250,0.625,  5/8 ,0.607,1.10,0.207,0.600,14.0,1.81,1.36,0.753,1.12,0.775,0.728,0.410,0.731,0.426,0.541,0.341,0.0322,0.0225,1.72,Ð,0.504,2.16,1.72,0.710,2.36,1.25,1.04,0.647,1.26,3.04,0.915,0.341,0.410,0.658,9.50,8.50,12.0
L3X3X1/2,9.40,2.76,3.00,3.00,0.500,0.875,  7/8 ,0.929,0.929,0.460,0.460,6.00,2.20,1.91,1.06,0.895,2.20,1.91,1.06,0.895,0.922,0.580,0.704,0.230,0.144,1.59,0.630,1.00,3.48,1.94,0,1.94,0.984,1.31,0.984,1.79,Ð,1.79,0.937,0.704,0.937,9.00,9.00,12.0
L3X3X7/16,8.30,2.43,3.00,3.00,0.438,0.813, 13/16,0.907,0.907,0.405,0.405,6.85,1.98,1.70,0.946,0.903,1.98,1.70,0.946,0.903,0.817,0.580,0.638,0.157,0.100,1.60,0.630,1.00,3.14,1.97,0,1.97,0.993,1.28,0.993,1.59,Ð,1.59,0.823,0.638,0.823,9.00,9.00,12.0
L3X3X3/8,7.20,2.11,3.00,3.00,0.375,0.750,  3/4 ,0.884,0.884,0.352,0.352,8.00,1.75,1.48,0.825,0.910,1.75,1.48,0.825,0.910,0.716,0.581,0.573,0.101,0.0652,1.62,0.630,1.00,2.79,1.99,0,1.99,1.00,1.25,1.00,1.40,Ð,1.40,0.716,0.573,0.716,9.00,9.00,12.0
L3X3X5/16,6.10,1.78,3.00,3.00,0.313,0.688, 11/16,0.860,0.860,0.297,0.297,9.58,1.50,1.26,0.699,0.918,1.50,1.26,0.699,0.918,0.606,0.583,0.497,0.0597,0.0390,1.64,0.630,1.00,2.40,2.01,0,2.01,1.02,1.22,1.02,1.19,Ð,1.19,0.594,0.497,0.594,9.00,9.00,12.0
L3X3X1/4,4.90,1.44,3.00,3.00,0.250,0.625,  5/8 ,0.836,0.836,0.240,0.240,12.0,1.23,1.02,0.569,0.926,1.23,1.02,0.569,0.926,0.490,0.585,0.415,0.0313,0.0206,1.65,0.630,1.00,1.97,2.03,0,2.03,1.03,1.18,1.03,0.970,Ð,0.970,0.476,0.415,0.476,9.00,9.00,12.0
L3X3X3/16,3.71,1.09,3.00,3.00,0.188,0.563,  9/16,0.812,0.812,0.182,0.182,16.0,0.948,0.774,0.433,0.933,0.948,0.774,0.433,0.933,0.373,0.586,0.324,0.0136,0.00899,1.67,0.630,1.00,1.52,2.05,0,2.05,1.04,1.15,1.04,0.741,Ð,0.741,0.359,0.324,0.359,9.00,9.00,12.0
L3X2-1/2X1/2,8.50,2.50,2.50,3.00,0.500,0.875,  7/8 ,0.746,0.995,0.417,0.500,6.00,2.07,1.86,1.03,0.910,1.29,1.34,0.736,0.718,0.665,0.516,0.568,0.213,0.112,1.46,Ð,0.666,2.69,1.59,0.414,1.94,1.05,1.17,0.700,1.69,6.50,1.39,0.633,0.568,0.950,8.50,8.00,11.0
L3X2-1/2X7/16,7.60,2.22,2.50,3.00,0.438,0.813, 13/16,0.724,0.972,0.370,0.463,6.85,1.87,1.66,0.921,0.917,1.17,1.19,0.656,0.724,0.594,0.516,0.521,0.146,0.0777,1.48,Ð,0.671,2.45,1.62,0.403,1.97,1.05,1.14,0.712,1.51,6.08,1.24,0.566,0.521,0.834,8.50,8.00,11.0
L3X2-1/2X3/8,6.60,1.93,2.50,3.00,0.375,0.750,  3/4 ,0.701,0.949,0.322,0.427,8.00,1.65,1.45,0.803,0.924,1.03,1.03,0.573,0.731,0.514,0.517,0.463,0.0943,0.0507,1.49,Ð,0.675,2.17,1.64,0.395,1.99,1.07,1.11,0.720,1.32,5.49,1.09,0.480,0.463,0.714,8.50,8.00,11.0
L3X2-1/2X5/16,5.60,1.63,2.50,3.00,0.313,0.688, 11/16,0.677,0.925,0.272,0.392,9.58,1.41,1.23,0.681,0.932,0.888,0.873,0.487,0.739,0.435,0.518,0.403,0.0560,0.0304,1.51,Ð,0.679,1.86,1.66,0.383,2.01,1.07,1.08,0.739,1.12,4.86,0.925,0.407,0.403,0.589,8.50,8.00,11.0
L3X2-1/2X1/4,4.50,1.32,2.50,3.00,0.250,0.625,  5/8 ,0.653,0.900,0.220,0.360,12.0,1.16,1.00,0.555,0.940,0.734,0.707,0.397,0.746,0.355,0.520,0.329,0.0296,0.0161,1.52,Ð,0.683,1.54,1.68,0.373,2.03,1.08,1.05,0.753,0.917,4.13,0.759,0.329,0.338,0.471,8.50,8.00,11.0
L3X2-1/2X3/16,3.39,1.00,2.50,3.00,0.188,0.563,  9/16,0.627,0.874,0.167,0.333,16.0,0.899,0.761,0.423,0.947,0.568,0.536,0.303,0.753,0.271,0.521,0.246,0.0130,0.00705,1.54,Ð,0.687,1.20,1.70,0.365,2.05,1.10,1.01,0.765,0.706,3.29,0.585,0.246,0.268,0.354,8.50,8.00,11.0
L3X2X1/2,7.70,2.26,2.00,3.00,0.500,0.813, 13/16,0.580,1.08,0.377,0.740,6.00,1.92,1.78,1.00,0.922,0.667,0.887,0.470,0.543,0.409,0.425,0.411,0.192,0.0908,1.39,Ð,0.413,2.18,1.31,0.776,1.90,0.995,0.949,0.429,1.66,2.81,1.15,0.411,0.431,0.953,8.00,7.00,10.0
L3X2X3/8,5.90,1.75,2.00,3.00,0.375,0.688, 11/16,0.535,1.03,0.292,0.667,8.00,1.54,1.39,0.779,0.937,0.539,0.679,0.368,0.555,0.319,0.426,0.313,0.0855,0.0413,1.42,Ð,0.426,1.76,1.35,0.739,1.95,1.02,0.895,0.450,1.30,2.38,0.903,0.313,0.356,0.709,8.00,7.00,10.0
L3X2X5/16,5.00,1.48,2.00,3.00,0.313,0.625,  5/8 ,0.511,1.01,0.247,0.632,9.58,1.32,1.19,0.662,0.945,0.467,0.572,0.314,0.562,0.271,0.428,0.263,0.0510,0.0248,1.43,Ð,0.432,1.52,1.37,0.724,1.97,1.03,0.870,0.465,1.11,2.10,0.772,0.263,0.311,0.583,8.00,7.00,10.0
L3X2X1/4,4.10,1.20,2.00,3.00,0.250,0.563,  9/16,0.487,0.980,0.200,0.600,12.0,1.09,0.969,0.541,0.953,0.390,0.463,0.258,0.569,0.223,0.431,0.214,0.0270,0.0132,1.45,Ð,0.437,1.26,1.39,0.702,2.00,1.04,0.840,0.480,0.906,1.79,0.630,0.214,0.265,0.465,8.00,7.00,10.0
L3X2X3/16,3.07,0.917,2.00,3.00,0.188,0.500,  1/2 ,0.462,0.952,0.153,0.555,16.0,0.847,0.743,0.414,0.961,0.305,0.351,0.198,0.577,0.173,0.435,0.163,0.0119,0.00576,1.46,Ð,0.442,0.979,1.41,0.683,2.02,1.06,0.808,0.493,0.694,1.43,0.485,0.163,0.214,0.351,8.00,7.00,10.0
L2-1/2X2-1/2X1/2,7.70,2.26,2.50,2.50,0.500,0.750,  3/4 ,0.803,0.803,0.452,0.452,5.00,1.22,1.29,0.716,0.735,1.22,1.29,0.716,0.735,0.526,0.481,0.461,0.188,0.0791,1.30,0.640,1.00,1.92,1.59,0,1.59,0.809,1.14,0.809,1.21,Ð,1.21,0.650,0.461,0.650,7.50,7.50,10.0
L2-1/2X2-1/2X3/8,5.90,1.73,2.50,2.50,0.375,0.625,  5/8 ,0.758,0.758,0.346,0.346,6.67,0.972,1.01,0.558,0.749,0.972,1.01,0.558,0.749,0.400,0.481,0.374,0.0833,0.0362,1.33,0.630,1.00,1.54,1.64,0,1.64,0.828,1.07,0.828,0.939,Ð,0.939,0.483,0.374,0.483,7.50,7.50,10.0
L2-1/2X2-1/2X5/16,5.00,1.46,2.50,2.50,0.313,0.563,  9/16,0.735,0.735,0.292,0.292,7.99,0.837,0.853,0.474,0.756,0.837,0.853,0.474,0.756,0.338,0.481,0.325,0.0495,0.0218,1.35,0.630,1.00,1.34,1.66,0,1.66,0.839,1.04,0.839,0.807,Ð,0.807,0.403,0.325,0.403,7.50,7.50,10.0
L2-1/2X2-1/2X1/4,4.10,1.19,2.50,2.50,0.250,0.500,  1/2 ,0.711,0.711,0.238,0.238,10.0,0.692,0.695,0.387,0.764,0.692,0.695,0.387,0.764,0.276,0.482,0.273,0.0261,0.0116,1.36,0.630,1.00,1.11,1.68,0,1.68,0.851,1.01,0.851,0.661,Ð,0.661,0.324,0.273,0.324,7.50,7.50,10.0
L2-1/2X2-1/2X3/16,3.07,0.901,2.50,2.50,0.188,0.438,  7/16,0.687,0.687,0.180,0.180,13.3,0.535,0.529,0.295,0.771,0.535,0.529,0.295,0.771,0.209,0.482,0.215,0.0114,0.00510,1.38,0.630,1.00,0.860,1.70,0,1.70,0.863,0.972,0.863,0.506,Ð,0.506,0.242,0.215,0.242,7.50,7.50,10.0
L2-1/2X2X3/8,5.30,1.55,2.00,2.50,0.375,0.625,  5/8 ,0.578,0.826,0.310,0.433,6.67,0.914,0.982,0.546,0.766,0.513,0.657,0.361,0.574,0.273,0.419,0.295,0.0746,0.0268,1.22,Ð,0.612,1.15,1.29,0.403,1.63,0.880,0.924,0.541,0.891,2.85,0.706,0.310,0.295,0.505,7.00,6.50,9.00
L2-1/2X2X5/16,4.50,1.32,2.00,2.50,0.313,0.563,  9/16,0.555,0.803,0.264,0.388,7.99,0.790,0.839,0.465,0.774,0.446,0.557,0.309,0.581,0.233,0.420,0.261,0.0444,0.0162,1.23,Ð,0.618,1.00,1.31,0.391,1.65,0.889,0.894,0.554,0.763,2.56,0.606,0.262,0.261,0.421,7.00,6.50,9.00
L2-1/2X2X1/4,3.62,1.07,2.00,2.50,0.250,0.500,  1/2 ,0.532,0.779,0.214,0.360,10.0,0.656,0.688,0.381,0.782,0.372,0.454,0.253,0.589,0.192,0.423,0.213,0.0235,0.00868,1.25,Ð,0.624,0.837,1.33,0.380,1.68,0.900,0.864,0.565,0.629,2.20,0.498,0.213,0.222,0.340,7.00,6.50,9.00
L2-1/2X2X3/16,2.75,0.818,2.00,2.50,0.188,0.438,  7/16,0.508,0.754,0.164,0.319,13.3,0.511,0.529,0.293,0.790,0.292,0.347,0.195,0.597,0.148,0.426,0.162,0.0103,0.00382,1.26,Ð,0.628,0.654,1.35,0.367,1.70,0.911,0.832,0.580,0.484,1.78,0.385,0.162,0.178,0.255,7.00,6.50,9.00
L2-1/2X1-1/2X1/4,3.19,0.947,1.50,2.50,0.250,0.500,  1/2 ,0.372,0.866,0.189,0.606,10.0,0.594,0.644,0.364,0.792,0.160,0.261,0.142,0.411,0.0977,0.321,0.120,0.0209,0.00694,1.19,Ð,0.354,0.656,1.08,0.692,1.62,0.816,0.640,0.313,0.607,0.948,0.405,0.120,0.153,0.312,6.50,5.50,8.00
L2-1/2X1-1/2X3/16,2.44,0.724,1.50,2.50,0.188,0.438,  7/16,0.347,0.839,0.145,0.569,13.3,0.464,0.497,0.280,0.801,0.126,0.198,0.110,0.418,0.0754,0.324,0.0906,0.00921,0.00306,1.20,Ð,0.360,0.514,1.09,0.671,1.65,0.832,0.611,0.326,0.472,0.766,0.312,0.0906,0.123,0.231,6.50,5.50,8.00
L2X2X3/8,4.70,1.37,2.00,2.00,0.375,0.625,  5/8 ,0.632,0.632,0.343,0.343,5.33,0.476,0.629,0.348,0.591,0.476,0.629,0.348,0.591,0.203,0.386,0.227,0.0658,0.0174,1.05,0.640,1.00,0.749,1.28,0,1.28,0.653,0.894,0.653,0.585,Ð,0.585,0.311,0.227,0.311,6.00,6.00,8.00
L2X2X5/16,3.92,1.16,2.00,2.00,0.313,0.563,  9/16,0.609,0.609,0.290,0.290,6.39,0.414,0.537,0.298,0.598,0.414,0.537,0.298,0.598,0.172,0.386,0.200,0.0393,0.0106,1.06,0.640,1.00,0.655,1.30,0,1.30,0.664,0.861,0.664,0.504,Ð,0.504,0.259,0.200,0.259,6.00,6.00,8.00
L2X2X1/4,3.19,0.944,2.00,2.00,0.250,0.500,  1/2 ,0.586,0.586,0.236,0.236,8.00,0.346,0.440,0.244,0.605,0.346,0.440,0.244,0.605,0.142,0.387,0.171,0.0209,0.00572,1.08,0.630,1.00,0.551,1.33,0,1.33,0.674,0.829,0.674,0.414,Ð,0.414,0.211,0.171,0.211,6.00,6.00,8.00
L2X2X3/16,2.44,0.722,2.00,2.00,0.188,0.438,  7/16,0.561,0.561,0.181,0.181,10.6,0.271,0.338,0.188,0.612,0.271,0.338,0.188,0.612,0.109,0.389,0.137,0.00921,0.00254,1.09,0.630,1.00,0.433,1.35,0,1.35,0.687,0.793,0.687,0.321,Ð,0.321,0.159,0.137,0.159,6.00,6.00,8.00
L2X2X1/8,1.65,0.491,2.00,2.00,0.125,0.375,  3/8 ,0.534,0.534,0.123,0.123,16.0,0.189,0.230,0.129,0.620,0.189,0.230,0.129,0.620,0.0756,0.391,0.100,0.00293,0.000789,1.10,0.630,1.00,0.303,1.37,0,1.37,0.703,0.755,0.703,0.221,Ð,0.221,0.108,0.100,0.108,6.00,6.00,8.00