Name,W,A,d,ddet,bf,bfdet,tw,twdet,twdet/2,tf,tfdet,kdes,kdet,y,yp,bf/2tf,D/t,Ix,Zx,Sx,rx,Iy,Zy,Sy,ry,J,Cw,ro,H,PA,PB,PC,PD,WGi
WT22X167.5,167.5,49.2,22.0,22      ,15.9,16      ,1.03,1      ,  1/2 ,1.77,1  3/4 ,2.56,3      ,5.53,1.54,4.50,21.4,2170,234,131,6.63,600,118,75.2,3.49,37.2,438,8.82,0.723,58.9,74.8,59.9,75.8,5  1/2 
WT22X145,145,42.6,21.8,21  3/4 ,15.8,15  7/8 ,0.865,  7/8 ,  7/16,1.58,1  9/16,2.36,2 13/16,5.26,1.35,5.02,25.2,1830,196,111,6.54,521,102,65.9,3.49,25.4,275,8.66,0.733,58.4,74.2,59.4,75.2,5  1/2 
WT22X131,131,38.5,21.7,21  5/8 ,15.8,15  3/4 ,0.785, 13/16,  7/16,1.42,1  7/16,2.20,2  5/8 ,5.19,1.22,5.57,27.6,1640,176,99.4,6.53,462,90.9,58.6,3.47,18.6,200,8.64,0.731,58.2,74.0,59.2,75.0,5  1/2 
WT22X115,115,33.9,21.5,21  1/2 ,15.8,15  3/4 ,0.710, 11/16,  3/8 ,1.22,1  1/4 ,2.01,2  7/16,5.17,1.07,6.45,30.3,1440,157,88.6,6.53,398,78.3,50.5,3.43,12.4,139,8.67,0.723,57.8,73.6,58.8,74.6,5  1/2 
WT20X327.5,327.5,96.4,21.8,21  3/4 ,16.9,16  7/8 ,1.97,2      ,1      ,3.54,3  9/16,4.72,4 13/16,5.85,2.85,2.39,11.1,3730,426,234,6.22,1440,271,170,3.86,293,3190,8.38,0.763,59.5,76.4,60.5,77.4,7  1/2 
WT20X296.5,296.5,87.2,21.5,21  1/2 ,16.7,16  3/4 ,1.79,1 13/16, 15/16,3.23,3  1/4 ,4.41,4  1/2 ,5.66,2.61,2.58,12.0,3310,379,209,6.16,1260,240,151,3.80,221,2340,8.29,0.762,58.7,75.4,59.7,76.4,7  1/2 
WT20X251.5,251.5,74.0,21.0,21      ,16.4,16  3/8 ,1.54,1  9/16, 13/16,2.76,2  3/4 ,3.94,4      ,5.38,2.25,2.98,13.6,2730,314,174,6.07,1020,197,124,3.72,138,1400,8.17,0.760,57.4,73.8,58.4,74.8,7  1/2 
WT20X215.5,215.5,63.3,20.6,20  5/8 ,16.2,16  1/4 ,1.34,1  5/16, 11/16,2.36,2  3/8 ,3.54,3  5/8 ,5.18,1.95,3.44,15.4,2290,266,148,6.01,843,164,104,3.65,88.2,881,8.09,0.756,56.4,72.6,57.4,73.6,7  1/2 
WT20X198.5,198.5,58.3,20.5,20  1/2 ,16.1,16  1/8 ,1.22,1  1/4 ,  5/8 ,2.20,2  3/16,3.38,3  1/2 ,5.03,1.81,3.66,16.8,2070,240,134,5.96,771,150,95.7,3.63,70.6,677,8.01,0.760,56.1,72.2,57.1,73.2,7  1/2 
WT20X186,186,54.7,20.3,20  3/8 ,16.1,16  1/8 ,1.16,1  3/16,  5/8 ,2.05,2  1/16,3.23,3  5/16,4.98,1.70,3.93,17.5,1930,225,126,5.95,709,138,88.3,3.60,57.7,558,8.00,0.756,55.7,71.8,56.7,72.8,7  1/2 
WT20X181,181,53.2,20.3,20  1/4 ,16.0,16      ,1.12,1  1/8 ,  9/16,2.01,2      ,3.19,3  1/4 ,4.91,1.66,3.99,18.1,1870,217,122,5.92,691,135,86.3,3.60,54.2,511,7.96,0.759,55.6,71.6,56.6,72.6,7  1/2 
WT20X162,162,47.7,20.1,20  1/8 ,15.9,15  7/8 ,1.00,1      ,  1/2 ,1.81,1 13/16,2.99,3  1/16,4.77,1.50,4.40,20.1,1650,192,108,5.88,609,119,76.6,3.57,39.6,362,7.89,0.760,55.1,71.0,56.1,72.0,7  1/2 
WT20X148.5,148.5,43.6,19.9,19  7/8 ,15.8,15  7/8 ,0.930, 15/16,  1/2 ,1.65,1  5/8 ,2.83,2 15/16,4.71,1.38,4.80,21.4,1500,176,98.9,5.87,546,107,69.0,3.54,30.5,279,7.88,0.756,54.6,70.4,55.6,71.4,7  1/2 
WT20X138.5,138.5,40.7,19.8,19  7/8 ,15.8,15  7/8 ,0.830, 13/16,  7/16,1.58,1  9/16,2.76,2  7/8 ,4.50,1.29,5.03,23.9,1360,157,88.6,5.78,522,102,65.9,3.58,25.7,218,7.75,0.770,54.4,70.2,55.4,71.2,7  1/2 
WT20X124.5,124.5,36.7,19.7,19  3/4 ,15.8,15  3/4 ,0.750,  3/4 ,  3/8 ,1.42,1  7/16,2.60,2 11/16,4.41,1.16,5.55,26.3,1210,140,79.4,5.75,463,90.8,58.8,3.55,19.0,158,7.70,0.770,54.2,70.0,55.2,71.0,7  1/2 
WT20X107.5,107.5,31.8,19.5,19  1/2 ,15.8,15  3/4 ,0.650,  5/8 ,  5/16,1.22,1  1/4 ,2.40,2  1/2 ,4.28,1.01,6.45,30.0,1030,120,68.0,5.71,398,77.8,50.5,3.54,12.4,101,7.66,0.771,53.8,69.6,54.8,70.6,7  1/2 
WT20X99.5,99.5,29.2,19.3,19  3/8 ,15.8,15  3/4 ,0.650,  5/8 ,  5/16,1.07,1  1/16,2.25,2  5/16,4.47,0.929,7.39,29.7,988,117,66.5,5.81,347,68.2,44.1,3.45,9.12,83.5,7.82,0.746,53.4,69.2,54.4,70.2,7  1/2 
WT20X196,196,57.8,20.8,20  3/4 ,12.4,12  3/8 ,1.42,1  7/16,  3/4 ,2.52,2  1/2 ,3.70,3 13/16,5.94,2.33,2.45,14.6,2270,275,153,6.27,401,106,64.9,2.64,85.4,796,8.26,0.679,53.0,65.4,54.0,66.4,7  1/2 
WT20X165.5,165.5,48.8,20.4,20  3/8 ,12.2,12  1/8 ,1.22,1  1/4 ,  5/8 ,2.13,2  1/8 ,3.31,3  3/8 ,5.74,2.00,2.86,16.7,1880,231,128,6.21,322,85.7,52.9,2.57,52.5,484,8.19,0.674,52.0,64.2,53.0,65.2,7  1/2 
WT20X163.5,163.5,47.9,20.4,20  3/8 ,12.1,12  1/8 ,1.18,1  3/16,  5/8 ,2.13,2  1/8 ,3.31,3  3/8 ,5.66,1.98,2.85,17.3,1840,224,125,6.19,320,85.0,52.7,2.58,51.4,449,8.13,0.680,51.9,64.0,52.9,65.0,7  1/2 
WT20X147,147,43.1,20.2,20  1/4 ,12.0,12      ,1.06,1  1/16,  9/16,1.93,1 15/16,3.11,3  3/16,5.51,1.80,3.11,19.1,1630,199,111,6.14,281,75.0,46.7,2.55,38.2,322,8.06,0.681,51.4,63.4,52.4,64.4,7  1/2 
WT20X139,139,41.0,20.1,20  1/8 ,12.0,12      ,1.03,1      ,  1/2 ,1.81,1 13/16,2.99,3  1/16,5.51,1.71,3.31,19.5,1550,191,106,6.14,261,69.9,43.5,2.52,32.4,282,8.08,0.675,51.2,63.2,52.2,64.2,7  1/2 
WT20X132,132,38.7,20.0,20      ,11.9,11  7/8 ,0.960, 15/16,  1/2 ,1.73,1  3/4 ,2.91,3      ,5.41,1.63,3.45,20.8,1450,178,99.2,6.11,246,66.0,41.3,2.52,27.9,233,8.02,0.679,50.9,62.8,51.9,63.8,7  1/2 
WT20X117.5,117.5,34.6,19.8,19  7/8 ,11.9,11  7/8 ,0.830, 13/16,  7/16,1.58,1  9/16,2.76,2  7/8 ,5.17,1.45,3.77,23.9,1260,153,85.7,6.04,222,59.0,37.3,2.54,20.6,156,7.88,0.691,50.5,62.4,51.5,63.4,7  1/2 
WT20X105.5,105.5,31.1,19.7,19  5/8 ,11.8,11  3/4 ,0.750,  3/4 ,  3/8 ,1.42,1  7/16,2.60,2 11/16,5.08,1.31,4.17,26.3,1120,137,76.7,6.01,195,52.1,33.0,2.51,15.2,113,7.84,0.690,50.2,62.0,51.2,63.0,7  1/2 
WT20X91.5,91.5,26.7,19.5,19  1/2 ,11.8,11  3/4 ,0.650,  5/8 ,  5/16,1.20,1  3/16,2.38,2  1/2 ,4.97,1.13,4.92,30.0,955,117,65.7,5.98,165,44.0,28.0,2.49,9.65,71.2,7.81,0.688,49.8,61.6,50.8,62.6,7  1/2 
WT20X83.5,83.5,24.5,19.3,19  1/4 ,11.8,11  3/4 ,0.650,  5/8 ,  5/16,1.03,1      ,2.21,2  5/16,5.19,1.10,5.76,29.7,899,115,63.7,6.05,141,37.8,23.9,2.40,6.99,62.9,8.01,0.659,49.4,61.2,50.4,62.2,7  1/2 
WT20X74.5,74.5,21.9,19.1,19  1/8 ,11.8,11  3/4 ,0.630,  5/8 ,  5/16,0.830, 13/16,2.01,2  1/8 ,5.45,1.72,7.11,30.3,815,108,59.7,6.10,114,30.9,19.4,2.29,4.66,51.9,8.23,0.626,49.0,60.8,50.0,61.8,7  1/2 
WT18X462.5,462.5,136,21.6,21  5/8 ,18.6,18  5/8 ,3.02,3      ,1  1/2 ,4.53,4  1/2 ,5.28,5  3/8 ,6.36,3.66,2.05,7.15,5130,617,337,6.14,2470,431,266,4.26,707,9680,8.52,0.769,61.2,79.8,61.8,80.4,7  1/2 
WT18X426.5,426.5,126,21.6,21  5/8 ,18.2,18  1/4 ,2.52,2  1/2 ,1  1/4 ,4.53,4  1/2 ,5.28,5  3/8 ,5.95,3.46,2.01,8.57,4480,533,286,5.96,2300,403,253,4.27,615,7100,8.21,0.799,60.8,79.0,61.4,79.6,7  1/2 
WT18X401,401,118,21.3,21  1/4 ,18.0,18      ,2.38,2  3/8 ,1  3/16,4.29,4  5/16,5.04,5  1/8 ,5.80,3.28,2.10,8.95,4110,491,265,5.90,2100,372,233,4.22,519,5830,8.12,0.797,60.0,78.0,60.6,78.6,7  1/2 
WT18X361.5,361.5,107,20.9,20  7/8 ,17.8,17  3/4 ,2.17,2  3/16,1  1/8 ,3.90,3  7/8 ,4.65,4 11/16,5.55,3.01,2.28,9.63,3610,434,235,5.81,1850,329,208,4.16,390,4250,8.00,0.798,59.0,76.8,59.6,77.4,7  1/2 
WT18X326,326,96.2,20.5,20  1/2 ,17.6,17  5/8 ,1.97,2      ,1      ,3.54,3  9/16,4.49,4 13/16,5.35,2.73,2.48,10.4,3160,383,208,5.74,1610,290,184,4.10,295,3070,7.91,0.795,57.6,75.2,58.6,76.2,7  1/2 
WT18X264.5,264.5,77.8,19.9,19  7/8 ,17.2,17  1/4 ,1.61,1  5/8 , 13/16,2.91,2 15/16,3.86,4  3/16,4.96,2.26,2.96,12.4,2440,298,164,5.60,1240,227,145,4.00,163,1600,7.72,0.794,56.0,73.2,57.0,74.2,7  1/2 
WT18X243.5,243.5,71.7,19.7,19  5/8 ,17.1,17  1/8 ,1.50,1  1/2 ,  3/4 ,2.68,2 11/16,3.63,4      ,4.84,2.10,3.19,13.1,2220,272,150,5.57,1120,206,131,3.96,128,1250,7.68,0.792,55.5,72.6,56.5,73.6,7  1/2 
WT18X220.5,220.5,64.9,19.4,19  3/8 ,17.0,17      ,1.36,1  3/8 , 11/16,2.44,2  7/16,3.39,3  3/4 ,4.69,1.91,3.48,14.3,1980,242,134,5.52,997,184,117,3.92,96.6,914,7.60,0.792,54.8,71.8,55.8,72.8,7  1/2 
WT18X197.5,197.5,58.1,19.2,19  1/4 ,16.8,16  7/8 ,1.22,1  1/4 ,  5/8 ,2.20,2  3/16,3.15,3  7/16,4.53,1.73,3.83,15.7,1740,213,119,5.47,877,162,104,3.88,70.7,652,7.54,0.792,54.2,71.0,55.2,72.0,7  1/2 
WT18X180.5,180.5,53.0,19.0,19      ,16.7,16  3/4 ,1.12,1  1/8 ,  9/16,2.01,2      ,2.96,3  5/16,4.42,1.59,4.16,17.0,1570,192,107,5.43,786,146,94.0,3.85,54.1,491,7.49,0.792,53.7,70.4,54.7,71.4,7  1/2 
WT18X165,165,48.4,18.8,18  7/8 ,16.6,16  5/8 ,1.02,1      ,  1/2 ,1.85,1  7/8 ,2.80,3  1/8 ,4.30,1.46,4.49,18.4,1410,173,97.0,5.39,711,132,85.5,3.83,42.0,372,7.43,0.793,53.2,69.8,54.2,70.8,7  1/2 
WT18X151,151,44.5,18.7,18  5/8 ,16.7,16  5/8 ,0.945, 15/16,  1/2 ,1.68,1 11/16,2.63,3      ,4.22,1.33,4.96,19.8,1280,158,88.8,5.37,648,120,77.8,3.82,32.1,285,7.41,0.792,53.1,69.8,54.1,70.8,7  1/2 
WT18X141,141,41.5,18.6,18  1/2 ,16.6,16  5/8 ,0.885,  7/8 ,  7/16,1.57,1  9/16,2.52,2  7/8 ,4.16,1.25,5.29,21.0,1190,146,82.6,5.36,599,112,72.2,3.80,26.3,231,7.38,0.791,52.8,69.4,53.8,70.4,7  1/2 
WT18X131,131,38.5,18.4,18  3/8 ,16.6,16  1/2 ,0.840, 13/16,  7/16,1.44,1  7/16,2.39,2  3/4 ,4.14,1.16,5.75,21.9,1110,137,77.5,5.36,545,102,65.8,3.76,20.8,185,7.39,0.785,52.4,69.0,53.4,70.0,7  1/2 
WT18X123.5,123.5,36.3,18.3,18  3/8 ,16.5,16  1/2 ,0.800, 13/16,  7/16,1.35,1  3/8 ,2.30,2  5/8 ,4.12,1.10,6.11,22.9,1040,129,73.3,5.36,507,94.8,61.4,3.74,17.3,155,7.39,0.783,52.1,68.6,53.1,69.6,7  1/2 
WT18X115.5,115.5,34.1,18.2,18  1/4 ,16.5,16  1/2 ,0.760,  3/4 ,  3/8 ,1.26,1  1/4 ,2.21,2  9/16,4.10,1.03,6.54,23.9,978,122,69.1,5.36,470,88.0,57.0,3.71,14.3,129,7.39,0.780,51.9,68.4,52.9,69.4,7  1/2 
WT18X128,128,37.6,18.7,18  3/4 ,12.2,12  1/4 ,0.960, 15/16,  1/2 ,1.73,1  3/4 ,2.48,2 15/16,4.92,1.54,3.53,19.5,1210,156,87.4,5.66,264,68.5,43.2,2.65,26.4,205,7.45,0.703,48.6,60.8,49.6,61.8,5  1/2 
WT18X116,116,34.0,18.6,18  1/2 ,12.1,12  1/8 ,0.870,  7/8 ,  7/16,1.57,1  9/16,2.32,2 13/16,4.82,1.40,3.86,21.4,1080,140,78.5,5.63,234,60.9,38.6,2.62,19.7,151,7.40,0.703,48.3,60.4,49.3,61.4,5  1/2 
WT18X105,105,30.9,18.3,18  3/8 ,12.2,12  1/8 ,0.830, 13/16,  7/16,1.36,1  3/8 ,2.11,2  5/8 ,4.87,1.27,4.48,22.0,985,131,73.1,5.65,206,53.4,33.8,2.58,13.9,119,7.49,0.687,47.8,60.0,48.8,61.0,5  1/2 
WT18X97,97.0,28.5,18.2,18  1/4 ,12.1,12  1/8 ,0.765,  3/4 ,  3/8 ,1.26,1  1/4 ,2.01,2  1/2 ,4.80,1.18,4.81,23.8,901,120,67.0,5.62,187,48.8,30.9,2.56,11.1,92.7,7.45,0.688,47.5,59.6,48.5,60.6,5  1/2 
WT18X91,91.0,26.8,18.2,18  1/8 ,12.1,12  1/8 ,0.725,  3/4 ,  3/8 ,1.18,1  3/16,1.93,2  3/8 ,4.77,1.11,5.12,25.1,845,113,63.1,5.62,174,45.3,28.8,2.55,9.20,77.6,7.45,0.685,47.5,59.6,48.5,60.6,5  1/2 
WT18X85,85.0,25.0,18.1,18  1/8 ,12.0,12      ,0.680, 11/16,  3/8 ,1.10,1  1/8 ,1.85,2  3/8 ,4.73,1.04,5.47,26.6,786,105,58.9,5.61,160,41.8,26.6,2.53,7.51,63.2,7.44,0.684,47.2,59.2,48.2,60.2,5  1/2 
WT18X80,80.0,23.5,18.0,18      ,12.0,12      ,0.650,  5/8 ,  5/16,1.02,1      ,1.77,2  1/4 ,4.74,0.980,5.88,27.7,740,100,55.8,5.61,147,38.6,24.6,2.50,6.17,53.6,7.46,0.678,47.0,59.0,48.0,60.0,5  1/2 
WT18X75,75.0,22.1,17.9,17  7/8 ,12.0,12      ,0.625,  5/8 ,  5/16,0.940, 15/16,1.69,2  3/16,4.78,0.923,6.37,28.6,698,95.5,53.1,5.62,135,35.4,22.5,2.47,5.04,46.0,7.50,0.670,46.8,58.8,47.8,59.8,5  1/2 
WT18X67.5,67.5,19.9,17.8,17  3/4 ,12.0,12      ,0.600,  5/8 ,  5/16,0.790, 13/16,1.54,2  1/16,4.96,1.23,7.56,29.7,637,90.1,49.7,5.66,113,29.8,18.9,2.38,3.48,37.3,7.65,0.644,46.6,58.6,47.6,59.6,5  1/2 
WT16.5X193.5,193.5,57.0,18.0,18      ,16.2,16  1/4 ,1.26,1  1/4 ,  5/8 ,2.28,2  1/4 ,3.07,3  9/16,4.27,1.76,3.55,14.3,1460,193,107,5.07,810,156,100,3.77,73.9,615,7.05,0.803,51.2,67.4,52.2,68.4,5  1/2 
WT16.5X177,177,52.1,17.8,17  3/4 ,16.1,16  1/8 ,1.16,1  3/16,  5/8 ,2.09,2  1/16,2.88,3  3/8 ,4.15,1.62,3.85,15.3,1320,174,96.8,5.03,729,141,90.6,3.74,57.1,468,7.00,0.803,50.7,66.8,51.7,67.8,5  1/2 
WT16.5X159,159,46.8,17.6,17  5/8 ,16.0,16      ,1.04,1  1/16,  9/16,1.89,1  7/8 ,2.68,3  3/16,4.02,1.46,4.23,16.9,1160,154,85.8,4.99,645,125,80.7,3.71,42.1,335,6.93,0.804,50.2,66.2,51.2,67.2,5  1/2 
WT16.5X145.5,145.5,42.8,17.4,17  3/8 ,15.9,15  7/8 ,0.960, 15/16,  1/2 ,1.73,1  3/4 ,2.52,2 15/16,3.93,1.35,4.60,18.1,1060,140,78.3,4.96,581,113,73.1,3.68,32.5,256,6.90,0.802,49.7,65.6,50.7,66.6,5  1/2 
WT16.5X131.5,131.5,38.7,17.3,17  1/4 ,15.8,15  3/4 ,0.870,  7/8 ,  7/16,1.57,1  9/16,2.36,2 13/16,3.83,1.23,5.03,19.9,943,125,70.2,4.93,517,101,65.5,3.65,24.3,188,6.86,0.802,49.4,65.2,50.4,66.2,5  1/2 
WT16.5X120.5,120.5,35.6,17.1,17  1/8 ,15.9,15  7/8 ,0.830, 13/16,  7/16,1.40,1  3/8 ,2.19,2 11/16,3.84,1.12,5.66,20.6,872,116,65.8,4.96,466,90.8,58.8,3.62,18.0,146,6.90,0.792,49.1,65.0,50.1,66.0,5  1/2 
WT16.5X110.5,110.5,32.6,17.0,17      ,15.8,15  3/4 ,0.775,  3/4 ,  3/8 ,1.28,1  1/4 ,2.06,2  1/2 ,3.81,1.03,6.20,21.9,799,107,60.8,4.95,420,82.1,53.2,3.59,13.9,113,6.89,0.788,48.8,64.6,49.8,65.6,5  1/2 
WT16.5X100.5,100.5,29.7,16.8,16  7/8 ,15.7,15  3/4 ,0.715, 11/16,  3/8 ,1.15,1  1/8 ,1.94,2  7/16,3.77,0.940,6.85,23.5,725,97.8,55.5,4.95,375,73.3,47.6,3.56,10.4,84.9,6.88,0.784,48.3,64.0,49.3,65.0,5  1/2 
WT16.5X84.5,84.5,24.7,16.9,16  7/8 ,11.5,11  1/2 ,0.670, 11/16,  3/8 ,1.22,1  1/4 ,1.92,2  7/16,4.21,1.08,4.71,25.2,649,90.8,51.1,5.12,155,42.1,27.0,2.50,8.81,55.4,6.74,0.715,44.3,55.8,45.3,56.8,5  1/2 
WT16.5X76,76.0,22.5,16.7,16  3/4 ,11.6,11  5/8 ,0.635,  5/8 ,  5/16,1.06,1  1/16,1.76,2  5/16,4.26,0.967,5.48,26.3,592,84.5,47.4,5.14,136,36.9,23.6,2.47,6.16,43.0,6.82,0.700,44.0,55.6,45.0,56.6,5  1/2 
WT16.5X70.5,70.5,20.7,16.7,16  5/8 ,11.5,11  1/2 ,0.605,  5/8 ,  5/16,0.960, 15/16,1.66,2  3/16,4.29,0.901,6.01,27.6,552,79.8,44.7,5.15,123,33.4,21.3,2.43,4.84,35.4,6.86,0.691,43.9,55.4,44.9,56.4,5  1/2 
WT16.5X65,65.0,19.1,16.5,16  1/2 ,11.5,11  1/2 ,0.580,  9/16,  5/16,0.855,  7/8 ,1.56,2  1/8 ,4.36,0.832,6.73,28.4,513,75.6,42.1,5.18,109,29.7,18.9,2.38,3.67,29.3,6.93,0.677,43.5,55.0,44.5,56.0,5  1/2 
WT16.5X59,59.0,17.4,16.4,16  3/8 ,11.5,11  1/2 ,0.550,  9/16,  5/16,0.740,  3/4 ,1.44,2      ,4.47,0.862,7.76,29.8,469,70.8,39.2,5.20,93.5,25.6,16.3,2.32,2.64,23.4,7.02,0.659,43.3,54.8,44.3,55.8,5  1/2 
WT15X195.5,195.5,57.6,16.6,16  5/8 ,15.6,15  5/8 ,1.36,1  3/8 , 11/16,2.44,2  7/16,3.23,3  3/4 ,4.00,1.85,3.19,12.2,1220,177,96.9,4.61,774,155,99.2,3.67,86.3,636,6.51,0.817,47.8,63.4,48.8,64.4,5  1/2 
WT15X178.5,178.5,52.5,16.4,16  3/8 ,15.5,15  1/2 ,1.24,1  1/4 ,  5/8 ,2.24,2  1/4 ,3.03,3  1/2 ,3.87,1.70,3.45,13.2,1090,159,87.2,4.56,693,140,89.6,3.64,66.6,478,6.45,0.818,47.3,62.8,48.3,63.8,5  1/2 
WT15X163,163,48.0,16.2,16  1/4 ,15.4,15  3/8 ,1.14,1  1/8 ,  9/16,2.05,2  1/16,2.84,3  5/16,3.76,1.56,3.75,14.2,981,143,78.8,4.52,622,126,81.0,3.60,51.2,361,6.40,0.817,46.8,62.2,47.8,63.2,5  1/2 
WT15X146,146,43.0,16.0,16      ,15.3,15  1/4 ,1.02,1      ,  1/2 ,1.85,1  7/8 ,2.64,3  1/8 ,3.62,1.41,4.12,15.7,861,125,69.6,4.48,549,111,71.9,3.58,37.5,257,6.33,0.819,46.3,61.6,47.3,62.6,5  1/2 
WT15X130.5,130.5,38.5,15.8,15  3/4 ,15.2,15  1/8 ,0.930, 15/16,  1/2 ,1.65,1  5/8 ,2.44,2 15/16,3.54,1.27,4.59,17.0,765,112,62.4,4.46,480,97.9,63.3,3.53,26.9,184,6.30,0.815,45.8,61.0,46.8,62.0,5  1/2 
WT15X117.5,117.5,34.7,15.7,15  5/8 ,15.1,15      ,0.830, 13/16,  7/16,1.50,1  1/2 ,2.29,2  3/4 ,3.41,1.15,5.02,18.9,674,98.2,55.1,4.41,427,87.5,56.8,3.51,20.1,133,6.24,0.818,45.5,60.6,46.5,61.6,5  1/2 
WT15X105.5,105.5,31.1,15.5,15  1/2 ,15.1,15  1/8 ,0.775,  3/4 ,  3/8 ,1.32,1  5/16,2.10,2  9/16,3.39,1.03,5.74,20.0,610,89.5,50.5,4.43,378,77.2,50.1,3.49,14.1,96.4,6.27,0.809,45.1,60.2,46.1,61.2,5  1/2 
WT15X95.5,95.5,28.0,15.3,15  3/8 ,15.0,15      ,0.710, 11/16,  3/8 ,1.19,1  3/16,1.97,2  1/2 ,3.34,0.935,6.35,21.5,549,80.8,45.7,4.42,336,68.9,44.7,3.46,10.5,71.2,6.25,0.807,44.6,59.6,45.6,60.6,5  1/2 
WT15X86.5,86.5,25.4,15.2,15  1/4 ,15.0,15      ,0.655,  5/8 ,  5/16,1.07,1  1/16,1.85,2  5/16,3.31,0.851,7.04,23.2,497,73.5,41.7,4.42,299,61.4,39.9,3.42,7.78,53.0,6.24,0.802,44.4,59.4,45.4,60.4,5  1/2 
WT15X74,74.0,21.8,15.3,15  3/8 ,10.5,10  1/2 ,0.650,  5/8 ,  5/16,1.18,1  3/16,1.83,2  1/2 ,3.84,1.04,4.44,23.5,466,72.2,40.6,4.63,114,33.9,21.7,2.28,7.24,37.6,6.10,0.716,40.1,50.6,41.1,51.6,5  1/2 
WT15X66,66.0,19.5,15.2,15  1/8 ,10.5,10  1/2 ,0.615,  5/8 ,  5/16,1.00,1      ,1.65,2  1/4 ,3.90,0.921,5.27,24.7,421,66.8,37.4,4.66,98.0,29.2,18.6,2.25,4.85,28.5,6.19,0.698,39.9,50.4,40.9,51.4,5  1/2 
WT15X62,62.0,18.2,15.1,15  1/8 ,10.5,10  1/2 ,0.585,  9/16,  5/16,0.930, 15/16,1.58,2  1/4 ,3.90,0.867,5.65,25.8,396,63.1,35.3,4.66,90.4,27.0,17.2,2.23,3.98,23.9,6.20,0.694,39.7,50.2,40.7,51.2,5  1/2 
WT15X58,58.0,17.1,15.0,15      ,10.5,10  1/2 ,0.565,  9/16,  5/16,0.850,  7/8 ,1.50,2  1/8 ,3.94,0.815,6.17,26.5,373,60.4,33.7,4.67,82.1,24.6,15.6,2.19,3.21,20.5,6.24,0.683,39.5,50.0,40.5,51.0,5  1/2 
WT15X54,54.0,15.9,14.9,14  7/8 ,10.5,10  1/2 ,0.545,  9/16,  5/16,0.760,  3/4 ,1.41,2      ,4.01,0.757,6.89,27.3,349,57.7,32.0,4.69,73.0,21.9,13.9,2.15,2.49,17.3,6.31,0.668,39.3,49.8,40.3,50.8,5  1/2 
WT15X49.5,49.5,14.5,14.8,14  7/8 ,10.5,10  1/2 ,0.520,  1/2 ,  1/4 ,0.670, 11/16,1.32,2      ,4.09,0.912,7.80,28.5,322,54.4,30.0,4.71,63.9,19.3,12.2,2.10,1.88,14.3,6.38,0.653,39.1,49.6,40.1,50.6,5  1/2 
WT15X45,45.0,13.2,14.8,14  3/4 ,10.4,10  3/8 ,0.470,  1/2 ,  1/4 ,0.610,  5/8 ,1.26,1  7/8 ,4.04,0.835,8.52,31.5,290,49.0,27.1,4.69,57.3,17.3,11.0,2.09,1.41,10.5,6.35,0.654,39.0,49.4,40.0,50.4,5  1/2 
WT13.5X269.5,269.5,79.3,16.3,16  1/4 ,15.3,15  1/4 ,1.97,2      ,1      ,3.54,3  9/16,4.33,4  7/16,4.34,2.60,2.15,8.30,1530,242,128,4.39,1060,218,138,3.65,247,1740,6.26,0.831,47.2,62.5,47.9,63.2,5  1/2 
WT13.5X184,184,54.2,15.2,15  1/4 ,14.7,14  5/8 ,1.38,1  3/8 , 11/16,2.48,2  1/2 ,3.27,3 11/16,3.71,1.85,2.96,11.0,939,151,81.7,4.16,655,140,89.3,3.48,84.5,532,5.96,0.828,44.1,58.8,45.1,59.8,5  1/2 
WT13.5X168,168,49.5,15.0,15      ,14.6,14  1/2 ,1.26,1  1/4 ,  5/8 ,2.28,2  1/4 ,3.07,3  1/2 ,3.58,1.70,3.19,11.9,839,135,73.4,4.12,587,126,80.8,3.45,65.4,401,5.90,0.829,43.6,58.2,44.6,59.2,5  1/2 
WT13.5X153.5,153.5,45.2,14.8,14  3/4 ,14.4,14  1/2 ,1.16,1  3/16,  5/8 ,2.09,2  1/16,2.88,3  5/16,3.47,1.56,3.46,12.8,753,121,66.4,4.08,527,113,72.9,3.41,50.5,304,5.85,0.828,43.0,57.4,44.0,58.4,5  1/2 
WT13.5X140.5,140.5,41.5,14.6,14  5/8 ,14.4,14  3/8 ,1.06,1  1/16,  9/16,1.93,1 15/16,2.72,3  1/8 ,3.35,1.44,3.72,13.8,677,109,59.9,4.04,477,103,66.4,3.39,39.6,232,5.79,0.830,42.6,57.0,43.6,58.0,5  1/2 
WT13.5X129,129,38.1,14.5,14  1/2 ,14.3,14  1/4 ,0.980,1      ,  1/2 ,1.77,1  3/4 ,2.56,3      ,3.27,1.33,4.03,14.8,613,98.9,54.7,4.02,430,93.3,60.2,3.36,30.7,178,5.76,0.828,42.3,56.6,43.3,57.6,5  1/2 
WT13.5X117.5,117.5,34.7,14.3,14  3/8 ,14.2,14  1/4 ,0.910, 15/16,  1/2 ,1.61,1  5/8 ,2.40,2  7/8 ,3.20,1.22,4.41,15.7,556,89.9,50.0,4.00,384,83.8,54.2,3.33,23.4,135,5.73,0.825,41.8,56.0,42.8,57.0,5  1/2 
WT13.5X108.5,108.5,32.0,14.2,14  1/4 ,14.1,14  1/8 ,0.830, 13/16,  7/16,1.50,1  1/2 ,2.29,2 11/16,3.10,1.13,4.71,17.1,502,81.1,45.2,3.96,352,77.0,49.9,3.32,18.8,105,5.68,0.828,41.5,55.6,42.5,56.6,5  1/2 
WT13.5X97,97.0,28.6,14.1,14      ,14.0,14      ,0.750,  3/4 ,  3/8 ,1.34,1  5/16,2.13,2  9/16,3.02,1.02,5.24,18.8,444,71.8,40.3,3.94,309,67.8,44.1,3.29,13.5,74.3,5.64,0.827,41.2,55.2,42.2,56.2,5  1/2 
WT13.5X89,89.0,26.3,13.9,13  7/8 ,14.1,14  1/8 ,0.725,  3/4 ,  3/8 ,1.19,1  3/16,1.98,2  3/8 ,3.04,0.932,5.92,19.2,414,67.7,38.2,3.97,278,60.8,39.4,3.25,10.0,57.7,5.69,0.815,40.9,55.0,41.9,56.0,5  1/2 
WT13.5X80.5,80.5,23.8,13.8,13  3/4 ,14.0,14      ,0.660, 11/16,  3/8 ,1.08,1  1/16,1.87,2  5/16,2.98,0.849,6.49,20.9,372,60.8,34.4,3.95,248,54.5,35.4,3.23,7.53,42.7,5.66,0.814,40.6,54.6,41.6,55.6,5  1/2 
WT13.5X73,73.0,21.6,13.7,13  3/4 ,14.0,14      ,0.605,  5/8 ,  5/16,0.975,1      ,1.76,2  3/16,2.94,0.772,7.16,22.6,336,55.0,31.2,3.95,222,48.8,31.7,3.20,5.62,31.7,5.64,0.812,40.4,54.4,41.4,55.4,5  1/2 
WT13.5X64.5,64.5,18.9,13.8,13  7/8 ,10.0,10      ,0.610,  5/8 ,  5/16,1.10,1  1/8 ,1.70,2  5/16,3.39,0.945,4.55,22.6,323,55.1,31.0,4.13,92.2,28.8,18.4,2.21,5.55,24.0,5.48,0.732,36.6,46.6,37.6,47.6,5  1/2 
WT13.5X57,57.0,16.8,13.6,13  5/8 ,10.1,10  1/8 ,0.570,  9/16,  5/16,0.930, 15/16,1.53,2  1/8 ,3.42,0.832,5.41,23.9,289,50.4,28.3,4.15,79.3,24.6,15.8,2.18,3.65,17.5,5.54,0.716,36.3,46.4,37.3,47.4,5  1/2 
WT13.5X51,51.0,15.0,13.5,13  1/2 ,10.0,10      ,0.515,  1/2 ,  1/4 ,0.830, 13/16,1.43,2  1/16,3.37,0.750,6.03,26.2,258,45.0,25.3,4.14,69.6,21.7,13.9,2.15,2.63,12.6,5.53,0.713,36.0,46.0,37.0,47.0,5  1/2 
WT13.5X47,47.0,13.8,13.5,13  1/2 ,10.0,10      ,0.490,  1/2 ,  1/4 ,0.745,  3/4 ,1.34,1 15/16,3.41,0.692,6.70,27.6,239,42.4,23.8,4.16,62.0,19.4,12.4,2.12,2.01,10.2,5.57,0.702,36.0,46.0,37.0,47.0,5  1/2 
WT13.5X42,42.0,12.4,13.4,13  3/8 ,10.0,10      ,0.460,  7/16,  1/4 ,0.640,  5/8 ,1.24,1  7/8 ,3.48,0.621,7.78,29.1,216,39.2,21.9,4.18,52.8,16.6,10.6,2.07,1.40,7.79,5.63,0.685,35.8,45.8,36.8,46.8,5  1/2 
WT12X185,185,54.5,14.0,14      ,13.7,13  5/8 ,1.52,1  1/2 ,  3/4 ,2.72,2  3/4 ,3.22,4      ,3.57,1.99,2.51,9.20,779,140,74.7,3.78,581,133,85.1,3.27,100,553,5.47,0.837,40.7,54.4,41.7,55.4,5  1/2 
WT12X167.5,167.5,49.1,13.8,13  3/4 ,13.5,13  1/2 ,1.38,1  3/8 , 11/16,2.48,2  1/2 ,2.98,3  3/4 ,3.42,1.82,2.73,10.0,686,123,66.3,3.73,513,119,75.9,3.23,75.6,405,5.40,0.837,40.1,53.6,41.1,54.6,5  1/2 
WT12X153,153,44.9,13.6,13  5/8 ,13.4,13  3/8 ,1.26,1  1/4 ,  5/8 ,2.28,2  1/4 ,2.78,3  9/16,3.29,1.67,2.94,10.8,611,110,59.4,3.69,460,107,68.6,3.20,58.4,305,5.34,0.837,39.6,53.0,40.6,54.0,5  1/2 
WT12X139.5,139.5,41.0,13.4,13  3/8 ,13.3,13  1/4 ,1.16,1  3/16,  5/8 ,2.09,2  1/16,2.59,3  3/8 ,3.18,1.54,3.18,11.6,546,98.8,53.6,3.65,412,96.3,61.9,3.17,45.1,230,5.28,0.837,39.1,52.4,40.1,53.4,5  1/2 
WT12X125,125,36.8,13.2,13  1/8 ,13.2,13  1/8 ,1.04,1  1/16,  9/16,1.89,1  7/8 ,2.39,3  1/8 ,3.05,1.39,3.49,12.7,478,86.5,47.2,3.61,362,85.2,54.9,3.14,33.2,165,5.22,0.838,38.6,51.8,39.6,52.8,5  1/2 
WT12X114.5,114.5,33.6,13.0,13      ,13.1,13  1/8 ,0.960, 15/16,  1/2 ,1.73,1  3/4 ,2.23,3      ,2.96,1.28,3.79,13.5,431,78.1,42.9,3.58,326,77.0,49.7,3.11,25.5,125,5.19,0.836,38.1,51.2,39.1,52.2,5  1/2 
WT12X103.5,103.5,30.3,12.9,12  7/8 ,13.0,13      ,0.870,  7/8 ,  7/16,1.57,1  9/16,2.07,2  7/8 ,2.87,1.17,4.14,14.8,382,69.3,38.3,3.55,289,68.6,44.4,3.08,19.1,91.3,5.14,0.836,37.8,50.8,38.8,51.8,5  1/2 
WT12X96,96.0,28.2,12.7,12  3/4 ,13.0,13      ,0.810, 13/16,  7/16,1.46,1  7/16,1.96,2  3/4 ,2.80,1.09,4.43,15.7,350,63.5,35.2,3.53,265,63.1,40.9,3.07,15.3,72.5,5.11,0.836,37.4,50.4,38.4,51.4,5  1/2 
WT12X88,88.0,25.8,12.6,12  5/8 ,12.9,12  7/8 ,0.750,  3/4 ,  3/8 ,1.34,1  5/16,1.84,2  5/8 ,2.74,1.00,4.81,16.8,319,57.8,32.2,3.51,240,57.3,37.2,3.04,11.9,55.8,5.09,0.835,37.1,50.0,38.1,51.0,5  1/2 
WT12X81,81.0,23.9,12.5,12  1/2 ,13.0,13      ,0.705, 11/16,  3/8 ,1.22,1  1/4 ,1.72,2  1/2 ,2.70,0.921,5.31,17.7,293,53.3,29.9,3.50,221,52.6,34.2,3.05,9.22,43.8,5.09,0.832,37.0,50.0,38.0,51.0,5  1/2 
WT12X73,73.0,21.5,12.4,12  3/8 ,12.9,12  7/8 ,0.650,  5/8 ,  5/16,1.09,1  1/16,1.59,2  3/8 ,2.66,0.833,5.92,19.1,264,48.2,27.2,3.50,195,46.6,30.3,3.01,6.70,31.9,5.08,0.827,36.7,49.6,37.7,50.6,5  1/2 
WT12X65.5,65.5,19.3,12.2,12  1/4 ,12.9,12  7/8 ,0.605,  5/8 ,  5/16,0.960, 15/16,1.46,2  1/4 ,2.65,0.750,6.70,20.2,238,43.9,24.8,3.52,170,40.7,26.5,2.97,4.74,23.1,5.09,0.818,36.3,49.2,37.3,50.2,5  1/2 
WT12X58.5,58.5,17.2,12.1,12  1/8 ,12.8,12  3/4 ,0.550,  9/16,  5/16,0.850,  7/8 ,1.35,2  1/8 ,2.62,0.672,7.53,22.0,212,39.2,22.3,3.51,149,35.7,23.2,2.94,3.35,16.4,5.08,0.814,36.0,48.8,37.0,49.8,5  1/2 
WT12X52,52.0,15.3,12.0,12      ,12.8,12  3/4 ,0.500,  1/2 ,  1/4 ,0.750,  3/4 ,1.25,2  1/16,2.59,0.600,8.50,24.0,189,35.1,20.0,3.51,130,31.2,20.3,2.91,2.35,11.6,5.07,0.809,35.8,48.6,36.8,49.6,5  1/2 
WT12X51.5,51.5,15.1,12.3,12  1/4 ,9.00,9      ,0.550,  9/16,  5/16,0.980,1      ,1.48,2  1/4 ,3.01,0.841,4.59,22.4,204,39.2,22.0,3.67,59.7,20.7,13.3,1.99,3.53,12.3,4.88,0.733,32.6,41.6,33.6,42.6,5  1/2 
WT12X47,47.0,13.8,12.2,12  1/8 ,9.07,9  1/8 ,0.515,  1/2 ,  1/4 ,0.875,  7/8 ,1.38,2  1/8 ,2.99,0.764,5.18,23.7,186,36.1,20.3,3.67,54.5,18.7,12.0,1.98,2.62,9.57,4.89,0.727,32.5,41.5,33.5,42.5,5  1/2 
WT12X42,42.0,12.4,12.1,12      ,9.02,9      ,0.470,  1/2 ,  1/4 ,0.770,  3/4 ,1.27,2  1/16,2.97,0.685,5.86,25.7,166,32.5,18.3,3.67,47.2,16.3,10.5,1.95,1.84,6.90,4.90,0.720,32.2,41.2,33.2,42.2,5  1/2 
WT12X38,38.0,11.2,12.0,12      ,8.99,9      ,0.440,  7/16,  1/4 ,0.680, 11/16,1.18,1 15/16,3.00,0.622,6.61,27.3,151,30.1,16.9,3.68,41.3,14.3,9.18,1.92,1.34,5.30,4.93,0.709,32.0,41.0,33.0,42.0,5  1/2 
WT12X34,34.0,10.0,11.9,11  7/8 ,8.97,9      ,0.415,  7/16,  1/4 ,0.585,  9/16,1.09,1  7/8 ,3.06,0.560,7.66,28.7,137,27.9,15.6,3.70,35.2,12.3,7.85,1.87,0.932,4.08,4.99,0.691,31.8,40.7,32.8,41.7,5  1/2 
WT12X31,31.0,9.11,11.9,11  7/8 ,7.04,7      ,0.430,  7/16,  1/4 ,0.590,  9/16,1.09,1  1/2 ,3.46,1.28,5.97,27.7,131,28.4,15.6,3.79,17.2,7.85,4.90,1.38,0.850,3.92,5.13,0.619,30.2,37.2,30.8,37.9,3  1/2 
WT12X27.5,27.5,8.10,11.8,11  3/4 ,7.01,7      ,0.395,  3/8 ,  3/16,0.505,  1/2 ,1.01,1  7/16,3.50,1.53,6.94,29.9,117,25.6,14.1,3.80,14.5,6.65,4.15,1.34,0.588,2.93,5.17,0.606,29.9,36.9,30.6,37.6,3  1/2 
WT10.5X137.5,137.5,40.9,12.1,12  1/8 ,12.9,12  7/8 ,1.22,1  1/4 ,  5/8 ,2.19,2  3/16,3.37,3  7/16,2.90,1.59,2.95,9.92,420,86.3,45.7,3.20,394,95.1,61.1,3.10,53.5,224,4.81,0.859,36.1,49.0,37.1,50.0,5  1/2 
WT10.5X124,124,37.0,11.9,11  7/8 ,12.8,12  3/4 ,1.10,1  1/8 ,  9/16,1.99,2      ,3.17,3  1/4 ,2.77,1.45,3.22,10.8,368,75.7,40.3,3.15,349,84.8,54.5,3.07,40.2,163,4.75,0.860,35.6,48.4,36.6,49.4,5  1/2 
WT10.5X111.5,111.5,33.2,11.7,11  3/4 ,12.7,12  3/4 ,1.00,1      ,  1/2 ,1.79,1 13/16,2.97,3  1/16,2.66,1.31,3.55,11.7,324,66.7,35.9,3.12,307,74.9,48.3,3.04,29.6,117,4.70,0.859,35.1,47.8,36.1,48.8,5  1/2 
WT10.5X100.5,100.5,29.6,11.5,11  1/2 ,12.6,12  5/8 ,0.910, 15/16,  1/2 ,1.63,1  5/8 ,2.13,2  7/8 ,2.57,1.18,3.86,12.6,285,58.6,31.9,3.10,271,66.5,43.1,3.02,20.4,85.4,4.67,0.859,34.6,47.2,35.6,48.2,5  1/2 
WT10.5X91,91.0,26.8,11.4,11  3/8 ,12.5,12  1/2 ,0.830, 13/16,  7/16,1.48,1  1/2 ,1.98,2  3/4 ,2.48,1.07,4.22,13.7,253,52.1,28.5,3.07,241,59.5,38.6,3.00,15.3,63.0,4.64,0.859,34.3,46.8,35.3,47.8,5  1/2 
WT10.5X83,83.0,24.4,11.2,11  1/4 ,12.4,12  3/8 ,0.750,  3/4 ,  3/8 ,1.36,1  3/8 ,1.86,2  5/8 ,2.39,0.983,4.57,14.9,226,46.3,25.5,3.04,217,53.9,35.0,2.99,11.8,47.3,4.59,0.861,33.8,46.2,34.8,47.2,5  1/2 
WT10.5X73.5,73.5,21.6,11.0,11      ,12.5,12  1/2 ,0.720,  3/4 ,  3/8 ,1.15,1  1/8 ,1.65,2  7/16,2.39,0.864,5.44,15.3,204,42.4,23.7,3.08,188,46.3,30.0,2.95,7.69,32.5,4.63,0.846,33.5,46.0,34.5,47.0,5  1/2 
WT10.5X66,66.0,19.4,10.9,10  7/8 ,12.4,12  1/2 ,0.650,  5/8 ,  5/16,1.04,1  1/16,1.54,2  1/4 ,2.33,0.780,6.01,16.8,181,37.6,21.1,3.06,166,41.1,26.7,2.93,5.62,23.4,4.60,0.845,33.2,45.6,34.2,46.6,5  1/2 
WT10.5X61,61.0,17.9,10.8,10  7/8 ,12.4,12  3/8 ,0.600,  5/8 ,  5/16,0.960, 15/16,1.46,2  1/4 ,2.28,0.724,6.45,18.0,166,34.3,19.3,3.04,152,37.8,24.6,2.91,4.47,18.4,4.58,0.846,33.0,45.4,34.0,46.4,5  1/2 
WT10.5X55.5,55.5,16.3,10.8,10  3/4 ,12.3,12  3/8 ,0.550,  9/16,  5/16,0.875,  7/8 ,1.38,2  1/8 ,2.23,0.662,7.05,19.6,150,31.0,17.5,3.03,137,34.1,22.2,2.90,3.40,13.8,4.56,0.845,32.9,45.2,33.9,46.2,5  1/2 
WT10.5X50.5,50.5,14.9,10.7,10  5/8 ,12.3,12  1/4 ,0.500,  1/2 ,  1/4 ,0.800, 13/16,1.30,2  1/16,2.18,0.605,7.68,21.4,135,27.9,15.8,3.01,124,30.8,20.2,2.89,2.60,10.4,4.53,0.846,32.7,45.0,33.7,46.0,5  1/2 
WT10.5X46.5,46.5,13.7,10.8,10  3/4 ,8.42,8  3/8 ,0.580,  9/16,  5/16,0.930, 15/16,1.43,1  5/8 ,2.74,0.812,4.53,18.6,144,31.8,17.9,3.25,46.4,17.3,11.0,1.84,3.01,9.33,4.37,0.730,29.5,37.9,30.0,38.4,5  1/2 
WT10.5X41.5,41.5,12.2,10.7,10  3/4 ,8.36,8  3/8 ,0.515,  1/2 ,  1/4 ,0.835, 13/16,1.34,1  1/2 ,2.66,0.728,5.00,20.8,127,28.0,15.7,3.22,40.7,15.2,9.74,1.83,2.16,6.50,4.33,0.732,29.2,37.6,29.8,38.1,5  1/2 
WT10.5X36.5,36.5,10.7,10.6,10  5/8 ,8.30,8  1/4 ,0.455,  7/16,  1/4 ,0.740,  3/4 ,1.24,1  7/16,2.60,0.647,5.60,23.3,110,24.4,13.8,3.21,35.3,13.3,8.51,1.81,1.51,4.42,4.30,0.732,29.0,37.3,29.5,37.8,5  1/2 
WT10.5X34,34.0,10.0,10.6,10  5/8 ,8.27,8  1/4 ,0.430,  7/16,  1/4 ,0.685, 11/16,1.19,1  3/8 ,2.59,0.606,6.04,24.7,103,22.9,12.9,3.20,32.4,12.2,7.83,1.80,1.22,3.62,4.30,0.728,29.0,37.2,29.5,37.7,5  1/2 
WT10.5X31,31.0,9.13,10.5,10  1/2 ,8.24,8  1/4 ,0.400,  3/8 ,  3/16,0.615,  5/8 ,1.12,1  5/16,2.58,0.554,6.70,26.3,93.8,21.1,11.9,3.21,28.7,10.9,6.97,1.77,0.913,2.78,4.31,0.721,28.7,37.0,29.2,37.5,5  1/2 
WT10.5X27.5,27.5,8.10,10.4,10  3/8 ,8.22,8  1/4 ,0.375,  3/8 ,  3/16,0.522,  1/2 ,1.02,1  3/16,2.64,0.493,7.87,27.7,84.4,19.4,10.9,3.23,24.2,9.18,5.89,1.73,0.617,2.08,4.37,0.703,28.5,36.7,29.0,37.2,5  1/2 
WT10.5X24,24.0,7.07,10.3,10  1/4 ,8.14,8  1/8 ,0.350,  3/8 ,  3/16,0.430,  7/16,0.930,1  1/8 ,2.74,0.459,9.47,29.4,74.9,17.8,9.90,3.26,19.4,7.44,4.76,1.66,0.400,1.52,4.44,0.676,28.2,36.4,28.7,36.9,5  1/2 
WT10.5X28.5,28.5,8.37,10.5,10  1/2 ,6.56,6  1/2 ,0.405,  3/8 ,  3/16,0.650,  5/8 ,1.15,1  5/16,2.85,0.638,5.04,25.9,90.4,21.2,11.8,3.29,15.3,7.40,4.67,1.35,0.884,2.50,4.36,0.665,27.0,33.6,27.6,34.1,3  1/2 
WT10.5X25,25.0,7.36,10.4,10  3/8 ,6.53,6  1/2 ,0.380,  3/8 ,  3/16,0.535,  9/16,1.04,1  1/4 ,2.93,0.771,6.10,27.4,80.3,19.4,10.7,3.30,12.5,6.08,3.82,1.30,0.570,1.89,4.44,0.640,26.8,33.3,27.3,33.9,3  1/2 
WT10.5X22,22.0,6.49,10.3,10  3/8 ,6.50,6  1/2 ,0.350,  3/8 ,  3/16,0.450,  7/16,0.950,1  1/8 ,2.98,1.06,7.22,29.4,71.1,17.6,9.68,3.31,10.3,5.07,3.18,1.26,0.383,1.40,4.49,0.623,26.6,33.1,27.1,33.6,3  1/2 
WT9X155.5,155.5,45.8,11.2,11  1/8 ,12.0,12      ,1.52,1  1/2 ,  3/4 ,2.74,2  3/4 ,3.24,3  9/16,2.93,1.91,2.19,7.37,383,90.6,46.6,2.89,398,104,66.2,2.95,87.2,339,4.41,0.875,33.7,45.7,34.4,46.4,5  1/2 
WT9X141.5,141.5,41.7,10.9,10  7/8 ,11.9,11  7/8 ,1.40,1  3/8 , 11/16,2.50,2  1/2 ,3.00,3  3/8 ,2.80,1.75,2.38,7.79,337,80.2,41.5,2.85,352,92.5,59.2,2.91,66.5,251,4.36,0.873,33.0,44.9,33.7,45.6,5  1/2 
WT9X129,129,38.0,10.7,10  3/4 ,11.8,11  3/4 ,1.28,1  1/4 ,  5/8 ,2.30,2  5/16,2.70,3  3/16,2.68,1.61,2.56,8.36,298,71.0,37.0,2.80,314,83.1,53.4,2.88,51.1,189,4.30,0.874,32.5,44.3,33.2,45.0,5  1/2 
WT9X117,117,34.3,10.5,10  1/2 ,11.7,11  5/8 ,1.16,1  3/16,  5/8 ,2.11,2  1/8 ,2.51,3      ,2.55,1.48,2.76,9.05,261,62.4,32.7,2.75,279,74.4,47.9,2.85,39.1,140,4.23,0.875,32.0,43.7,32.7,44.4,5  1/2 
WT9X105.5,105.5,31.2,10.3,10  3/8 ,11.6,11  1/2 ,1.06,1  1/16,  9/16,1.91,1 15/16,2.31,2 13/16,2.44,1.34,3.02,9.72,229,55.0,29.1,2.72,246,66.1,42.7,2.82,29.1,102,4.19,0.874,31.5,43.1,32.2,43.8,5  1/2 
WT9X96,96.0,28.1,10.2,10  1/8 ,11.5,11  1/2 ,0.960, 15/16,  1/2 ,1.75,1  3/4 ,2.15,2  5/8 ,2.34,1.23,3.27,10.6,202,48.5,25.8,2.68,220,59.4,38.4,2.79,22.3,75.7,4.13,0.875,31.2,42.7,31.9,43.4,5  1/2 
WT9X87.5,87.5,25.7,10.0,10      ,11.4,11  3/8 ,0.890,  7/8 ,  7/16,1.59,1  9/16,1.99,2  7/16,2.26,1.13,3.58,11.2,181,43.6,23.4,2.66,196,53.1,34.4,2.76,16.8,56.5,4.10,0.872,30.7,42.1,31.4,42.8,5  1/2 
WT9X79,79.0,23.2,9.86,9  7/8 ,11.3,11  1/4 ,0.810, 13/16,  7/16,1.44,1  7/16,1.84,2  3/8 ,2.17,1.02,3.92,12.2,160,38.5,20.8,2.63,174,47.4,30.7,2.74,12.5,41.2,4.06,0.872,30.3,41.6,31.0,42.3,5  1/2 
WT9X71.5,71.5,21.0,9.75,9  3/4 ,11.2,11  1/4 ,0.730,  3/4 ,  3/8 ,1.32,1  5/16,1.72,2  3/16,2.09,0.937,4.25,13.4,142,34.0,18.5,2.60,156,42.7,27.7,2.72,9.58,30.7,4.02,0.874,30.0,41.2,30.7,41.9,5  1/2 
WT9X65,65.0,19.2,9.63,9  5/8 ,11.2,11  1/8 ,0.670, 11/16,  3/8 ,1.20,1  3/16,1.60,2  1/16,2.02,0.856,4.65,14.4,127,30.5,16.7,2.58,139,38.3,24.9,2.70,7.23,22.8,4.00,0.873,29.8,41.0,30.5,41.7,5  1/2 
WT9X59.5,59.5,17.6,9.49,9  1/2 ,11.3,11  1/4 ,0.655,  5/8 ,  5/16,1.06,1  1/16,1.46,1 15/16,2.03,0.778,5.31,14.5,119,28.7,15.9,2.60,126,34.5,22.5,2.69,5.30,17.4,4.03,0.862,29.6,40.9,30.3,41.6,5  1/2 
WT9X53,53.0,15.6,9.37,9  3/8 ,11.2,11  1/4 ,0.590,  9/16,  5/16,0.940, 15/16,1.34,1 13/16,1.97,0.695,5.96,15.9,104,25.2,14.1,2.59,110,30.2,19.7,2.66,3.73,12.1,4.00,0.860,29.3,40.5,29.9,41.1,5  1/2 
WT9X48.5,48.5,14.2,9.30,9  1/4 ,11.1,11  1/8 ,0.535,  9/16,  5/16,0.870,  7/8 ,1.27,1  3/4 ,1.91,0.640,6.41,17.4,93.8,22.6,12.7,2.56,100,27.6,18.0,2.65,2.92,9.29,3.97,0.863,29.0,40.1,29.7,40.8,5  1/2 
WT9X43,43.0,12.7,9.20,9  1/4 ,11.1,11  1/8 ,0.480,  1/2 ,  1/4 ,0.770,  3/4 ,1.17,1  5/8 ,1.86,0.570,7.20,19.2,82.4,19.9,11.2,2.55,87.6,24.2,15.8,2.63,2.04,6.42,3.95,0.861,28.8,39.9,29.5,40.6,5  1/2 
WT9X38,38.0,11.1,9.11,9  1/8 ,11.0,11      ,0.425,  7/16,  1/4 ,0.680, 11/16,1.08,1  9/16,1.80,0.505,8.11,21.4,71.8,17.3,9.83,2.54,76.2,21.1,13.8,2.61,1.41,4.37,3.93,0.861,28.5,39.5,29.2,40.2,5  1/2 
WT9X35.5,35.5,10.4,9.24,9  1/4 ,7.64,7  5/8 ,0.495,  1/2 ,  1/4 ,0.810, 13/16,1.21,1  1/2 ,2.26,0.683,4.71,18.7,78.2,20.0,11.2,2.74,30.1,12.3,7.89,1.70,1.74,3.96,3.72,0.752,25.6,33.2,26.1,33.8,3  1/2 
WT9X32.5,32.5,9.55,9.18,9  1/8 ,7.59,7  5/8 ,0.450,  7/16,  1/4 ,0.750,  3/4 ,1.15,1  7/16,2.20,0.629,5.06,20.4,70.7,18.0,10.1,2.72,27.4,11.2,7.22,1.69,1.36,3.01,3.69,0.755,25.4,33.0,26.0,33.5,3  1/2 
WT9X30,30.0,8.82,9.12,9  1/8 ,7.56,7  1/2 ,0.415,  7/16,  1/4 ,0.695, 11/16,1.10,1  3/8 ,2.16,0.583,5.44,22.0,64.7,16.5,9.29,2.71,25.0,10.3,6.63,1.68,1.08,2.35,3.67,0.756,25.3,32.8,25.8,33.4,3  1/2 
WT9X27.5,27.5,8.10,9.06,9      ,7.53,7  1/2 ,0.390,  3/8 ,  3/16,0.630,  5/8 ,1.03,1  5/16,2.16,0.538,5.98,23.2,59.5,15.3,8.63,2.71,22.5,9.26,5.97,1.67,0.830,1.84,3.68,0.749,25.1,32.7,25.7,33.2,3  1/2 
WT9X25,25.0,7.34,9.00,9      ,7.50,7  1/2 ,0.355,  3/8 ,  3/16,0.570,  9/16,0.972,1  1/4 ,2.12,0.489,6.57,25.4,53.5,13.8,7.79,2.70,20.0,8.28,5.35,1.65,0.619,1.36,3.66,0.748,25.0,32.5,25.5,33.0,3  1/2 
WT9X23,23.0,6.77,9.03,9      ,6.06,6      ,0.360,  3/8 ,  3/16,0.605,  5/8 ,1.01,1  1/4 ,2.33,0.558,5.01,25.1,52.1,13.9,7.77,2.77,11.3,5.84,3.71,1.29,0.609,1.20,3.67,0.695,23.6,29.7,24.1,30.2,3  1/2 
WT9X20,20.0,5.88,8.95,9      ,6.02,6      ,0.315,  5/16,  3/16,0.525,  1/2 ,0.927,1  3/16,2.29,0.489,5.73,28.4,44.8,12.0,6.73,2.76,9.55,4.97,3.17,1.27,0.404,0.788,3.65,0.693,23.4,29.4,23.9,29.9,3  1/2 
WT9X17.5,17.5,5.15,8.85,8  7/8 ,6.00,6      ,0.300,  5/16,  3/16,0.425,  7/16,0.827,1  1/8 ,2.39,0.450,7.06,29.5,40.1,11.2,6.21,2.79,7.67,4.02,2.56,1.22,0.252,0.598,3.74,0.662,23.2,29.2,23.7,29.7,3  1/2 
WT8X50,50.0,14.7,8.49,8  1/2 ,10.4,10  3/8 ,0.585,  9/16,  5/16,0.985,1      ,1.39,1  7/8 ,1.76,0.706,5.29,14.5,76.8,20.7,11.4,2.28,93.1,27.4,17.9,2.51,3.85,10.4,3.63,0.878,26.7,37.1,27.4,37.8,5  1/2 
WT8X44.5,44.5,13.1,8.38,8  3/8 ,10.4,10  3/8 ,0.525,  1/2 ,  1/4 ,0.875,  7/8 ,1.28,1  3/4 ,1.70,0.631,5.92,16.0,67.2,18.1,10.1,2.27,81.3,24.0,15.7,2.49,2.72,7.19,3.60,0.877,26.5,36.9,27.2,37.6,5  1/2 
WT8X38.5,38.5,11.3,8.26,8  1/4 ,10.3,10  1/4 ,0.455,  7/16,  1/4 ,0.760,  3/4 ,1.16,1  5/8 ,1.63,0.549,6.77,18.2,56.9,15.3,8.59,2.24,69.2,20.5,13.4,2.47,1.78,4.61,3.57,0.877,26.1,36.4,26.8,37.1,5  1/2 
WT8X33.5,33.5,9.81,8.17,8  1/8 ,10.2,10  1/4 ,0.395,  3/8 ,  3/16,0.665, 11/16,1.07,1  9/16,1.56,0.481,7.70,20.7,48.6,13.0,7.36,2.22,59.5,17.7,11.6,2.46,1.19,3.01,3.54,0.879,25.9,36.1,26.5,36.7,5  1/2 
WT8X28.5,28.5,8.39,8.22,8  1/4 ,7.12,7  1/8 ,0.430,  7/16,  1/4 ,0.715, 11/16,1.12,1  3/8 ,1.94,0.589,4.98,19.1,48.7,13.8,7.77,2.41,21.6,9.42,6.06,1.60,1.10,1.99,3.30,0.770,23.0,30.2,23.6,30.7,3  1/2 
WT8X25,25.0,7.37,8.13,8  1/8 ,7.07,7  1/8 ,0.380,  3/8 ,  3/16,0.630,  5/8 ,1.03,1  5/16,1.89,0.521,5.61,21.4,42.3,12.0,6.78,2.40,18.6,8.15,5.26,1.59,0.760,1.34,3.28,0.769,22.8,29.9,23.3,30.4,3  1/2 
WT8X22.5,22.5,6.63,8.07,8  1/8 ,7.04,7      ,0.345,  3/8 ,  3/16,0.565,  9/16,0.967,1  1/4 ,1.86,0.471,6.23,23.4,37.8,10.8,6.10,2.39,16.4,7.22,4.67,1.57,0.555,0.974,3.27,0.767,22.7,29.7,23.2,30.2,3  1/2 
WT8X20,20.0,5.89,8.01,8      ,7.00,7      ,0.305,  5/16,  3/16,0.505,  1/2 ,0.907,1  3/16,1.81,0.421,6.93,26.3,33.1,9.43,5.35,2.37,14.4,6.36,4.12,1.56,0.396,0.673,3.24,0.769,22.5,29.5,23.0,30.0,3  1/2 
WT8X18,18.0,5.29,7.93,7  7/8 ,6.99,7      ,0.295,  5/16,  3/16,0.430,  7/16,0.832,1  1/8 ,1.88,0.378,8.12,26.9,30.6,8.93,5.05,2.41,12.2,5.42,3.50,1.52,0.272,0.516,3.30,0.745,22.3,29.3,22.9,29.8,3  1/2 
WT8X15.5,15.5,4.56,7.94,8      ,5.53,5  1/2 ,0.275,  1/4 ,  1/8 ,0.440,  7/16,0.842,1  1/8 ,2.02,0.413,6.28,28.9,27.5,8.27,4.64,2.45,6.20,3.51,2.24,1.17,0.230,0.366,3.26,0.695,20.9,26.4,21.4,26.9,3  1/2 
WT8X13,13.0,3.84,7.85,7  7/8 ,5.50,5  1/2 ,0.250,  1/4 ,  1/8 ,0.345,  3/8 ,0.747,1  1/16,2.09,0.372,7.97,31.4,23.5,7.36,4.09,2.47,4.79,2.73,1.74,1.12,0.130,0.243,3.32,0.667,20.7,26.2,21.2,26.7,3  1/2 
WT7X436.5,436.5,129,11.8,11  3/4 ,18.8,18  3/4 ,3.94,3 15/16,2      ,5.51,5  1/2 ,6.10,6  3/16,3.88,3.43,1.71,2.99,1040,281,131,2.84,3080,511,328,4.89,1110,8980,5.76,0.962,41.9,60.7,42.4,61.2,8  1/2 
WT7X404,404,119,11.4,11  3/8 ,18.6,18  5/8 ,3.74,3  3/4 ,1  7/8 ,5.12,5  1/8 ,5.71,5  3/4 ,3.69,3.20,1.82,3.05,898,249,116,2.75,2770,465,298,4.82,898,7000,5.67,0.960,40.9,59.5,41.4,60.0,8  1/2 
WT7X365,365,107,11.2,11  1/4 ,17.9,17  7/8 ,3.07,3  1/16,1  9/16,4.91,4 15/16,5.51,6  3/16,3.47,3.00,1.82,3.65,739,211,95.4,2.62,2360,408,264,4.69,714,5250,5.47,0.966,39.3,57.2,40.3,58.2,7  1/2 
WT7X332.5,332.5,97.8,10.8,10  7/8 ,17.7,17  5/8 ,2.83,2 13/16,1  7/16,4.52,4  1/2 ,5.12,5 13/16,3.25,2.77,1.95,3.82,622,182,82.1,2.52,2080,365,236,4.62,555,3920,5.35,0.966,38.3,56.0,39.3,57.0,7  1/2 
WT7X302.5,302.5,89.0,10.5,10  1/2 ,17.4,17  3/8 ,2.60,2  5/8 ,1  5/16,4.16,4  3/16,4.76,5  7/16,3.05,2.55,2.09,4.04,524,157,70.6,2.43,1840,326,211,4.55,430,2930,5.24,0.966,37.4,54.8,38.4,55.8,7  1/2 
WT7X275,275,80.9,10.1,10  1/8 ,17.2,17  1/4 ,2.38,2  3/8 ,1  3/16,3.82,3 13/16,4.42,5  1/8 ,2.85,2.35,2.25,4.24,442,136,60.9,2.34,1630,292,189,4.49,331,2180,5.15,0.966,36.4,53.6,37.4,54.6,7  1/2 
WT7X250,250,73.5,9.80,9  3/4 ,17.0,17      ,2.19,2  3/16,1  1/8 ,3.50,3  1/2 ,4.10,4 13/16,2.67,2.16,2.43,4.47,375,117,52.7,2.26,1440,261,169,4.43,254,1620,5.06,0.967,35.6,52.6,36.6,53.6,7  1/2 
WT7X227.5,227.5,66.9,9.51,9  1/2 ,16.8,16  7/8 ,2.02,2      ,1      ,3.21,3  3/16,3.81,4  1/2 ,2.51,1.99,2.62,4.71,321,102,45.9,2.19,1280,234,152,4.38,196,1210,4.98,0.967,34.8,51.6,35.8,52.6,7  1/2 
WT7X213,213,62.7,9.34,9  3/8 ,16.7,16  3/4 ,1.88,1  7/8 , 15/16,3.04,3  1/16,3.63,4  5/16,2.40,1.88,2.75,4.97,287,91.7,41.4,2.14,1180,217,141,4.34,164,991,4.92,0.968,34.4,51.1,35.4,52.1,7  1/2 
WT7X199,199,58.4,9.15,9  1/8 ,16.6,16  5/8 ,1.77,1  3/4 ,  7/8 ,2.85,2  7/8 ,3.44,4  1/8 ,2.30,1.76,2.92,5.17,257,82.9,37.6,2.10,1090,201,131,4.31,135,801,4.87,0.968,33.9,50.5,34.9,51.5,7  1/2 
WT7X185,185,54.4,8.96,9      ,16.5,16  1/2 ,1.66,1 11/16, 13/16,2.66,2 11/16,3.26,3 15/16,2.19,1.65,3.10,5.40,229,74.4,33.9,2.05,994,185,121,4.27,110,640,4.82,0.968,33.4,49.9,34.4,50.9,7  1/2 
WT7X171,171,50.3,8.77,8  3/4 ,16.4,16  3/8 ,1.54,1  9/16, 13/16,2.47,2  1/2 ,3.07,3  3/4 ,2.09,1.54,3.31,5.69,203,66.2,30.4,2.01,903,169,110,4.24,88.3,502,4.77,0.968,32.9,49.3,33.9,50.3,7  1/2 
WT7X155.5,155.5,45.7,8.56,8  1/2 ,16.2,16  1/4 ,1.41,1  7/16,  3/4 ,2.26,2  1/4 ,2.86,3  9/16,1.97,1.41,3.59,6.07,176,57.7,26.7,1.96,807,152,99.4,4.20,67.5,375,4.71,0.969,32.3,48.5,33.3,49.5,7  1/2 
WT7X141.5,141.5,41.6,8.37,8  3/8 ,16.1,16  1/8 ,1.29,1  5/16, 11/16,2.07,2  1/16,2.67,3  3/8 ,1.86,1.29,3.89,6.49,153,50.4,23.5,1.92,722,137,89.7,4.17,51.8,281,4.66,0.969,31.8,47.9,32.8,48.9,7  1/2 
WT7X128.5,128.5,37.8,8.19,8  1/4 ,16.0,16      ,1.18,1  3/16,  5/8 ,1.89,1  7/8 ,2.49,3  3/16,1.75,1.18,4.23,6.94,133,43.9,20.7,1.88,645,123,80.7,4.13,39.3,209,4.61,0.969,31.4,47.4,32.4,48.4,7  1/2 
WT7X116.5,116.5,34.2,8.02,8      ,15.9,15  7/8 ,1.07,1  1/16,  9/16,1.72,1  3/4 ,2.32,3      ,1.65,1.08,4.62,7.50,116,38.2,18.2,1.84,576,110,72.5,4.10,29.6,154,4.57,0.970,30.9,46.8,31.9,47.8,7  1/2 
WT7X105.5,105.5,31.0,7.86,7  7/8 ,15.8,15  3/4 ,0.980,1      ,  1/2 ,1.56,1  9/16,2.16,2  7/8 ,1.57,0.980,5.06,8.02,102,33.4,16.2,1.81,513,98.9,65.0,4.07,22.2,113,4.52,0.970,30.5,46.3,31.5,47.3,7  1/2 
WT7X96.5,96.5,28.4,7.74,7  3/4 ,15.7,15  3/4 ,0.890,  7/8 ,  7/16,1.44,1  7/16,2.04,2  3/4 ,1.49,0.903,5.45,8.70,89.8,29.4,14.4,1.78,466,90.1,59.3,4.05,17.3,87.2,4.49,0.971,30.2,45.9,31.2,46.9,7  1/2 
WT7X88,88.0,25.9,7.61,7  5/8 ,15.7,15  5/8 ,0.830, 13/16,  7/16,1.31,1  5/16,1.91,2  5/8 ,1.43,0.827,5.97,9.17,80.5,26.3,13.0,1.76,419,81.3,53.5,4.02,13.2,65.2,4.46,0.970,29.9,45.6,30.9,46.6,7  1/2 
WT7X79.5,79.5,23.4,7.49,7  1/2 ,15.6,15  5/8 ,0.745,  3/4 ,  3/8 ,1.19,1  3/16,1.79,2  1/2 ,1.35,0.751,6.54,10.1,70.2,22.8,11.4,1.73,374,73.0,48.1,4.00,9.84,47.9,4.43,0.971,29.6,45.2,30.6,46.2,7  1/2 
WT7X72.5,72.5,21.3,7.39,7  3/8 ,15.5,15  1/2 ,0.680, 11/16,  3/8 ,1.09,1  1/16,1.69,2  3/8 ,1.29,0.688,7.11,10.9,62.5,20.2,10.2,1.71,338,66.2,43.7,3.98,7.56,36.3,4.40,0.971,29.3,44.8,30.3,45.8,7  1/2 
WT7X66,66.0,19.4,7.33,7  3/8 ,14.7,14  3/4 ,0.645,  5/8 ,  5/16,1.03,1      ,1.63,2  5/16,1.29,0.658,7.15,11.4,57.8,18.6,9.57,1.73,274,56.5,37.2,3.76,6.13,26.6,4.21,0.966,28.3,43.0,29.4,44.1,5  1/2 
WT7X60,60.0,17.7,7.24,7  1/4 ,14.7,14  5/8 ,0.590,  9/16,  5/16,0.940, 15/16,1.54,2  1/4 ,1.24,0.602,7.80,12.3,51.7,16.5,8.61,1.71,247,51.2,33.7,3.74,4.67,20.0,4.19,0.966,28.2,42.9,29.2,43.9,5  1/2 
WT7X54.5,54.5,16.0,7.16,7  1/8 ,14.6,14  5/8 ,0.525,  1/2 ,  1/4 ,0.860,  7/8 ,1.46,2  3/16,1.17,0.548,8.49,13.6,45.3,14.4,7.56,1.68,223,46.3,30.6,3.73,3.55,15.0,4.16,0.968,27.9,42.5,28.9,43.5,5  1/2 
WT7X49.5,49.5,14.6,7.08,7  1/8 ,14.6,14  5/8 ,0.485,  1/2 ,  1/4 ,0.780,  3/4 ,1.38,2  1/16,1.14,0.500,9.34,14.6,40.9,12.9,6.88,1.67,201,41.8,27.6,3.71,2.68,11.1,4.14,0.967,27.7,42.3,28.8,43.4,5  1/2 
WT7X45,45.0,13.2,7.01,7      ,14.5,14  1/2 ,0.440,  7/16,  1/4 ,0.710, 11/16,1.31,2      ,1.09,0.456,10.2,15.9,36.5,11.5,6.16,1.66,181,37.8,25.0,3.70,2.03,8.31,4.12,0.968,27.5,42.0,28.5,43.0,5  1/2 
WT7X41,41.0,12.0,7.16,7  1/8 ,10.1,10  1/8 ,0.510,  1/2 ,  1/4 ,0.855,  7/8 ,1.45,1 11/16,1.39,0.593,5.92,14.0,41.2,13.2,7.14,1.85,74.1,22.4,14.6,2.48,2.53,5.63,3.24,0.912,23.7,33.8,24.4,34.5,5  1/2 
WT7X37,37.0,10.9,7.09,7  1/8 ,10.1,10  1/8 ,0.450,  7/16,  1/4 ,0.785, 13/16,1.38,1  5/8 ,1.32,0.541,6.41,15.8,36.0,11.5,6.25,1.82,66.9,20.2,13.3,2.48,1.93,4.19,3.21,0.916,23.6,33.7,24.3,34.4,5  1/2 
WT7X34,34.0,10.0,7.02,7      ,10.0,10      ,0.415,  7/16,  1/4 ,0.720,  3/4 ,1.31,1  9/16,1.29,0.498,6.97,16.9,32.6,10.4,5.69,1.81,60.7,18.4,12.1,2.46,1.50,3.21,3.19,0.916,23.4,33.4,24.0,34.0,5  1/2 
WT7X30.5,30.5,8.96,6.95,7      ,10.0,10      ,0.375,  3/8 ,  3/16,0.645,  5/8 ,1.24,1  1/2 ,1.25,0.448,7.75,18.5,28.9,9.15,5.07,1.80,53.7,16.4,10.7,2.45,1.09,2.29,3.17,0.915,23.2,33.2,23.9,33.9,5  1/2 
WT7X26.5,26.5,7.80,6.96,7      ,8.06,8      ,0.370,  3/8 ,  3/16,0.660, 11/16,1.25,1  1/2 ,1.38,0.484,6.11,18.8,27.6,8.87,4.94,1.88,28.8,11.0,7.15,1.92,0.967,1.46,2.89,0.868,21.3,29.4,22.0,30.0,5  1/2 
WT7X24,24.0,7.07,6.90,6  7/8 ,8.03,8      ,0.340,  5/16,  3/16,0.595,  5/8 ,1.19,1  7/16,1.35,0.440,6.75,20.3,24.9,8.00,4.49,1.88,25.7,9.80,6.40,1.91,0.723,1.07,2.87,0.866,21.1,29.2,21.8,29.9,5  1/2 
WT7X21.5,21.5,6.31,6.83,6  7/8 ,8.00,8      ,0.305,  5/16,  3/16,0.530,  1/2 ,1.12,1  3/8 ,1.31,0.395,7.54,22.4,21.9,7.05,3.98,1.86,22.6,8.64,5.65,1.89,0.522,0.751,2.86,0.865,21.0,29.0,21.7,29.7,5  1/2 
WT7X19,19.0,5.58,7.05,7      ,6.77,6  3/4 ,0.310,  5/16,  3/16,0.515,  1/2 ,0.915,1  1/4 ,1.54,0.412,6.57,22.7,23.3,7.45,4.22,2.04,13.3,6.07,3.94,1.55,0.398,0.554,2.86,0.799,20.4,27.1,20.9,27.6,3  1/2 
WT7X17,17.0,5.00,6.99,7      ,6.75,6  3/4 ,0.285,  5/16,  3/16,0.455,  7/16,0.855,1  3/16,1.53,0.371,7.41,24.5,20.9,6.74,3.83,2.04,11.6,5.32,3.45,1.53,0.284,0.400,2.87,0.792,20.2,27.0,20.7,27.5,3  1/2 
WT7X15,15.0,4.42,6.92,6  7/8 ,6.73,6  3/4 ,0.270,  1/4 ,  1/8 ,0.385,  3/8 ,0.785,1  1/8 ,1.58,0.329,8.74,25.6,19.0,6.25,3.55,2.07,9.79,4.49,2.91,1.49,0.190,0.287,2.90,0.772,20.1,26.8,20.6,27.3,3  1/2 
WT7X13,13.0,3.85,6.96,7      ,5.03,5      ,0.255,  1/4 ,  1/8 ,0.420,  7/16,0.820,1  1/8 ,1.72,0.383,5.98,27.3,17.3,5.89,3.31,2.12,4.45,2.76,1.77,1.08,0.179,0.207,2.82,0.712,18.4,23.5,19.0,24.0,2  3/4 
WT7X11,11.0,3.25,6.87,6  7/8 ,5.00,5      ,0.230,  1/4 ,  1/8 ,0.335,  5/16,0.735,1  1/16,1.76,0.325,7.46,29.9,14.8,5.20,2.91,2.14,3.50,2.19,1.40,1.04,0.104,0.134,2.86,0.689,18.2,23.2,18.7,23.7,2  3/4 
WT6X168,168,49.5,8.41,8  3/8 ,13.4,13  3/8 ,1.78,1  3/4 ,  7/8 ,2.96,2 15/16,3.55,3  7/8 ,2.31,1.84,2.26,4.72,190,68.4,31.2,1.96,593,137,88.6,3.47,120,481,4.07,0.958,29.5,42.9,30.2,43.6,5  1/2 
WT6X152.5,152.5,44.7,8.16,8  1/8 ,13.2,13  1/4 ,1.63,1  5/8 , 13/16,2.71,2 11/16,3.30,3  5/8 ,2.16,1.69,2.45,5.01,162,59.1,27.0,1.90,525,122,79.3,3.42,92.0,356,4.00,0.959,28.8,42.0,29.5,42.7,5  1/2 
WT6X139.5,139.5,41.0,7.93,7  7/8 ,13.1,13  1/8 ,1.53,1  1/2 ,  3/4 ,2.47,2  1/2 ,3.07,3  3/8 ,2.05,1.56,2.66,5.18,141,51.9,24.1,1.86,469,110,71.3,3.38,70.9,267,3.94,0.958,28.3,41.4,29.0,42.1,5  1/2 
WT6X126,126,37.1,7.71,7  3/4 ,13.0,13      ,1.40,1  3/8 , 11/16,2.25,2  1/4 ,2.85,3  1/8 ,1.92,1.42,2.89,5.51,121,44.8,20.9,1.81,414,97.9,63.6,3.34,53.5,195,3.88,0.958,27.7,40.7,28.4,41.4,5  1/2 
WT6X115,115,33.8,7.53,7  1/2 ,12.9,12  7/8 ,1.29,1  5/16, 11/16,2.07,2  1/16,2.67,2 15/16,1.82,1.31,3.11,5.84,106,39.4,18.5,1.77,371,88.4,57.5,3.31,41.6,148,3.83,0.958,27.3,40.2,28.0,40.9,5  1/2 
WT6X105,105,30.9,7.36,7  3/8 ,12.8,12  3/4 ,1.18,1  3/16,  5/8 ,1.90,1  7/8 ,2.50,2 13/16,1.72,1.21,3.37,6.24,92.1,34.5,16.4,1.73,332,79.7,51.9,3.28,32.1,112,3.79,0.958,26.8,39.6,27.5,40.3,5  1/2 
WT6X95,95.0,28.0,7.19,7  1/4 ,12.7,12  5/8 ,1.06,1  1/16,  9/16,1.74,1  3/4 ,2.33,2  5/8 ,1.62,1.10,3.65,6.78,79.0,29.8,14.2,1.68,295,71.2,46.5,3.25,24.3,82.1,3.73,0.960,26.4,39.1,27.1,39.8,5  1/2 
WT6X85,85.0,25.0,7.02,7      ,12.6,12  5/8 ,0.960, 15/16,  1/2 ,1.56,1  9/16,2.16,2  7/16,1.52,0.994,4.03,7.31,67.8,25.6,12.3,1.65,259,62.9,41.2,3.22,17.7,58.3,3.69,0.960,26.0,38.6,26.6,39.2,5  1/2 
WT6X76,76.0,22.4,6.86,6  7/8 ,12.5,12  1/2 ,0.870,  7/8 ,  7/16,1.40,1  3/8 ,2.00,2  5/16,1.43,0.896,4.46,7.89,58.5,22.0,10.8,1.62,227,55.6,36.4,3.19,12.8,41.3,3.65,0.960,25.5,38.0,26.2,38.7,5  1/2 
WT6X68,68.0,20.0,6.71,6  3/4 ,12.4,12  3/8 ,0.790, 13/16,  7/16,1.25,1  1/4 ,1.85,2  1/8 ,1.35,0.805,4.96,8.49,50.6,19.0,9.46,1.59,199,48.9,32.1,3.16,9.21,28.9,3.61,0.959,25.1,37.5,25.8,38.2,5  1/2 
WT6X60,60.0,17.6,6.56,6  1/2 ,12.3,12  3/8 ,0.710, 11/16,  3/8 ,1.11,1  1/8 ,1.70,2      ,1.28,0.716,5.57,9.24,43.4,16.2,8.22,1.57,172,42.7,28.0,3.13,6.42,19.7,3.57,0.959,24.7,37.0,25.4,37.7,5  1/2 
WT6X53,53.0,15.6,6.45,6  1/2 ,12.2,12  1/4 ,0.610,  5/8 ,  5/16,0.990,1      ,1.59,1  7/8 ,1.19,0.637,6.17,10.6,36.3,13.6,6.92,1.53,151,37.5,24.7,3.11,4.55,13.6,3.53,0.961,24.4,36.6,25.1,37.3,5  1/2 
WT6X48,48.0,14.1,6.36,6  3/8 ,12.2,12  1/8 ,0.550,  9/16,  5/16,0.900,  7/8 ,1.50,1 13/16,1.13,0.580,6.76,11.6,32.0,11.9,6.12,1.51,135,33.7,22.2,3.09,3.42,10.1,3.51,0.962,24.2,36.4,24.9,37.1,5  1/2 
WT6X43.5,43.5,12.8,6.27,6  1/4 ,12.1,12  1/8 ,0.515,  1/2 ,  1/4 ,0.810, 13/16,1.41,1 11/16,1.10,0.527,7.48,12.2,28.9,10.7,5.60,1.50,120,30.2,19.9,3.07,2.54,7.34,3.49,0.960,24.0,36.1,24.6,36.7,5  1/2 
WT6X39.5,39.5,11.6,6.19,6  1/4 ,12.1,12  1/8 ,0.470,  1/2 ,  1/4 ,0.735,  3/4 ,1.33,1  5/8 ,1.06,0.480,8.22,13.2,25.8,9.49,5.03,1.49,108,27.1,17.9,3.05,1.91,5.43,3.47,0.960,23.8,35.9,24.5,36.6,5  1/2 
WT6X36,36.0,10.6,6.13,6  1/8 ,12.0,12      ,0.430,  7/16,  1/4 ,0.670, 11/16,1.27,1  9/16,1.02,0.439,8.99,14.3,23.2,8.48,4.54,1.48,97.5,24.6,16.2,3.04,1.46,4.07,3.45,0.960,23.6,35.6,24.3,36.3,5  1/2 
WT6X32.5,32.5,9.54,6.06,6      ,12.0,12      ,0.390,  3/8 ,  3/16,0.605,  5/8 ,1.20,1  1/2 ,0.985,0.398,9.92,15.5,20.6,7.50,4.06,1.47,87.2,22.0,14.5,3.02,1.09,2.97,3.43,0.960,23.4,35.4,24.1,36.1,5  1/2 
WT6X29,29.0,8.52,6.10,6  1/8 ,10.0,10      ,0.360,  3/8 ,  3/16,0.640,  5/8 ,1.24,1  1/2 ,1.03,0.426,7.82,16.9,19.1,6.97,3.76,1.50,53.5,16.2,10.7,2.51,1.05,2.08,3.00,0.944,21.6,31.6,22.2,32.2,5  1/2 
WT6X26.5,26.5,7.78,6.03,6      ,10.0,10      ,0.345,  3/8 ,  3/16,0.575,  9/16,1.18,1  3/8 ,1.02,0.389,8.69,17.5,17.7,6.46,3.54,1.51,47.9,14.5,9.58,2.48,0.788,1.53,3.00,0.939,21.5,31.5,22.1,32.1,5  1/2 
WT6X25,25.0,7.30,6.10,6  1/8 ,8.08,8  1/8 ,0.370,  3/8 ,  3/16,0.640,  5/8 ,1.14,1  1/2 ,1.17,0.452,6.31,16.5,18.7,6.88,3.79,1.60,28.2,10.6,6.97,1.96,0.855,1.23,2.67,0.899,19.7,27.8,20.3,28.4,5  1/2 
WT6X22.5,22.5,6.56,6.03,6      ,8.05,8      ,0.335,  5/16,  3/16,0.575,  9/16,1.08,1  3/8 ,1.13,0.408,7.00,18.0,16.6,6.10,3.39,1.59,25.0,9.47,6.21,1.95,0.627,0.885,2.66,0.898,19.5,27.6,20.1,28.2,5  1/2 
WT6X20,20.0,5.84,5.97,6      ,8.01,8      ,0.295,  5/16,  3/16,0.515,  1/2 ,1.02,1  3/8 ,1.09,0.365,7.77,20.2,14.4,5.28,2.95,1.57,22.0,8.38,5.50,1.94,0.452,0.620,2.63,0.901,19.3,27.4,20.0,28.0,5  1/2 
WT6X17.5,17.5,5.17,6.25,6  1/4 ,6.56,6  1/2 ,0.300,  5/16,  3/16,0.520,  1/2 ,0.820,1  3/16,1.30,0.394,6.31,20.8,16.0,5.71,3.23,1.76,12.2,5.73,3.73,1.54,0.369,0.437,2.56,0.834,18.5,25.1,19.1,25.6,3  1/2 
WT6X15,15.0,4.40,6.17,6  1/8 ,6.52,6  1/2 ,0.260,  1/4 ,  1/8 ,0.440,  7/16,0.740,1  1/8 ,1.27,0.337,7.41,23.7,13.5,4.83,2.75,1.75,10.2,4.78,3.12,1.52,0.228,0.267,2.54,0.830,18.3,24.9,18.9,25.4,3  1/2 
WT6X13,13.0,3.82,6.11,6  1/8 ,6.49,6  1/2 ,0.230,  1/4 ,  1/8 ,0.380,  3/8 ,0.680,1  1/16,1.25,0.295,8.54,26.6,11.7,4.20,2.40,1.75,8.66,4.08,2.67,1.51,0.150,0.174,2.54,0.827,18.2,24.7,18.7,25.2,3  1/2 
WT6X11,11.0,3.24,6.16,6  1/8 ,4.03,4      ,0.260,  1/4 ,  1/8 ,0.425,  7/16,0.725, 15/16,1.63,0.402,4.74,23.7,11.7,4.63,2.59,1.90,2.33,1.83,1.15,0.847,0.146,0.137,2.52,0.683,16.0,20.0,16.4,20.4,2  1/4 
WT6X9.5,9.50,2.79,6.08,6  1/8 ,4.01,4      ,0.235,  1/4 ,  1/8 ,0.350,  3/8 ,0.650,  7/8 ,1.65,0.348,5.72,25.9,10.1,4.11,2.28,1.90,1.88,1.49,0.939,0.821,0.0899,0.0934,2.54,0.665,15.8,19.8,16.2,20.2,2  1/4 
WT6X8,8.00,2.36,6.00,6      ,3.99,4      ,0.220,  1/4 ,  1/8 ,0.265,  1/4 ,0.565, 13/16,1.74,0.639,7.53,27.3,8.70,3.72,2.04,1.92,1.41,1.13,0.706,0.773,0.0511,0.0678,2.62,0.624,15.6,19.6,16.0,20.0,2  1/4 
WT6X7,7.00,2.08,5.96,6      ,3.97,4      ,0.200,  3/16,  1/8 ,0.225,  1/4 ,0.525,  3/4 ,1.76,0.760,8.82,29.8,7.67,3.32,1.83,1.92,1.18,0.947,0.593,0.753,0.0350,0.0493,2.64,0.611,15.5,19.5,15.9,19.9,2  1/4 
WT5X56,56.0,16.5,5.68,5  5/8 ,10.4,10  3/8 ,0.755,  3/4 ,  3/8 ,1.25,1  1/4 ,1.75,1 15/16,1.21,0.791,4.17,7.52,28.6,13.4,6.40,1.32,118,34.6,22.6,2.67,7.50,16.9,3.04,0.963,21.2,31.6,21.8,32.2,5  1/2 
WT5X50,50.0,14.7,5.55,5  1/2 ,10.3,10  3/8 ,0.680, 11/16,  3/8 ,1.12,1  1/8 ,1.62,1 13/16,1.13,0.711,4.62,8.16,24.5,11.4,5.56,1.29,103,30.5,20.0,2.65,5.41,11.9,3.00,0.964,20.9,31.2,21.4,31.7,5  1/2 
WT5X44,44.0,13.0,5.42,5  3/8 ,10.3,10  1/4 ,0.605,  5/8 ,  5/16,0.990,1      ,1.49,1 11/16,1.06,0.631,5.18,8.96,20.8,9.65,4.77,1.27,89.3,26.5,17.4,2.63,3.75,8.02,2.97,0.964,20.6,30.9,21.1,31.4,5  1/2 
WT5X38.5,38.5,11.3,5.30,5  1/4 ,10.2,10  1/4 ,0.530,  1/2 ,  1/4 ,0.870,  7/8 ,1.37,1  9/16,0.990,0.555,5.86,10.0,17.4,8.06,4.05,1.24,76.8,22.9,15.1,2.60,2.55,5.31,2.94,0.964,20.3,30.5,20.8,31.0,5  1/2 
WT5X34,34.0,10.0,5.20,5  1/4 ,10.1,10  1/8 ,0.470,  1/2 ,  1/4 ,0.770,  3/4 ,1.27,1  7/16,0.932,0.493,6.58,11.1,14.9,6.85,3.49,1.22,66.7,20.0,13.2,2.58,1.78,3.62,2.91,0.965,20.0,30.1,20.5,30.6,5  1/2 
WT5X30,30.0,8.84,5.11,5  1/8 ,10.1,10  1/8 ,0.420,  7/16,  1/4 ,0.680, 11/16,1.18,1  3/8 ,0.884,0.438,7.41,12.2,12.9,5.87,3.04,1.21,58.1,17.5,11.5,2.57,1.23,2.46,2.89,0.964,19.8,29.9,20.3,30.4,5  1/2 
WT5X27,27.0,7.90,5.05,5      ,10.0,10      ,0.370,  3/8 ,  3/16,0.615,  5/8 ,1.12,1  5/16,0.836,0.395,8.15,13.6,11.1,5.05,2.64,1.19,51.7,15.6,10.3,2.56,0.909,1.78,2.87,0.966,19.6,29.6,20.1,30.1,5  1/2 
WT5X24.5,24.5,7.21,4.99,5      ,10.0,10      ,0.340,  5/16,  3/16,0.560,  9/16,1.06,1  1/4 ,0.807,0.361,8.93,14.7,10.0,4.52,2.39,1.18,46.7,14.1,9.34,2.54,0.693,1.33,2.85,0.966,19.5,29.5,20.0,30.0,5  1/2 
WT5X22.5,22.5,6.63,5.05,5      ,8.02,8      ,0.350,  3/8 ,  3/16,0.620,  5/8 ,1.12,1  5/16,0.907,0.413,6.47,14.4,10.2,4.65,2.47,1.24,26.7,10.1,6.65,2.01,0.753,0.981,2.43,0.940,17.6,25.6,18.1,26.1,5  1/2 
WT5X19.5,19.5,5.73,4.96,5      ,7.99,8      ,0.315,  5/16,  3/16,0.530,  1/2 ,1.03,1  3/16,0.876,0.359,7.53,15.7,8.84,3.99,2.16,1.24,22.5,8.57,5.64,1.98,0.487,0.616,2.42,0.936,17.4,25.4,17.9,25.9,5  1/2 
WT5X16.5,16.5,4.85,4.87,4  7/8 ,7.96,8      ,0.290,  5/16,  3/16,0.435,  7/16,0.935,1  1/8 ,0.869,0.305,9.15,16.8,7.71,3.48,1.93,1.26,18.3,7.00,4.60,1.94,0.291,0.356,2.40,0.927,17.2,25.1,17.7,25.7,5  1/2 
WT5X15,15.0,4.42,5.24,5  1/4 ,5.81,5  3/4 ,0.300,  5/16,  3/16,0.510,  1/2 ,0.810,1  1/8 ,1.10,0.380,5.70,17.5,9.28,4.01,2.24,1.45,8.35,4.41,2.87,1.37,0.310,0.273,2.17,0.849,15.9,21.7,16.3,22.1,2  3/4 
WT5X13,13.0,3.81,5.17,5  1/8 ,5.77,5  3/4 ,0.260,  1/4 ,  1/8 ,0.440,  7/16,0.740,1  1/16,1.06,0.330,6.56,19.9,7.86,3.39,1.91,1.44,7.05,3.75,2.44,1.36,0.201,0.173,2.15,0.848,15.7,21.5,16.1,21.9,2  3/4 
WT5X11,11.0,3.24,5.09,5  1/8 ,5.75,5  3/4 ,0.240,  1/4 ,  1/8 ,0.360,  3/8 ,0.660, 15/16,1.07,0.282,7.99,21.2,6.88,3.02,1.72,1.46,5.71,3.05,1.99,1.33,0.119,0.107,2.16,0.830,15.5,21.3,15.9,21.7,2  3/4 
WT5X9.5,9.50,2.81,5.12,5  1/8 ,4.02,4      ,0.250,  1/4 ,  1/8 ,0.395,  3/8 ,0.695, 15/16,1.28,0.349,5.09,20.5,6.68,3.10,1.74,1.54,2.15,1.67,1.07,0.874,0.116,0.0796,2.08,0.729,13.9,17.9,14.3,18.3,2  1/4 
WT5X8.5,8.50,2.50,5.06,5      ,4.01,4      ,0.240,  1/4 ,  1/8 ,0.330,  5/16,0.630,  7/8 ,1.32,0.311,6.08,21.1,6.06,2.90,1.62,1.56,1.78,1.40,0.887,0.844,0.0776,0.0610,2.11,0.703,13.8,17.8,14.1,18.1,2  1/4 
WT5X7.5,7.50,2.21,5.00,5      ,4.00,4      ,0.230,  1/4 ,  1/8 ,0.270,  1/4 ,0.570, 13/16,1.37,0.305,7.41,21.7,5.45,2.71,1.50,1.57,1.45,1.15,0.723,0.810,0.0518,0.0475,2.16,0.672,13.6,17.6,14.0,18.0,2  1/4 
WT5X6,6.00,1.77,4.94,4  7/8 ,3.96,4      ,0.190,  3/16,  1/8 ,0.210,  3/16,0.510,  3/4 ,1.36,0.322,9.43,26.0,4.35,2.20,1.22,1.57,1.09,0.869,0.551,0.785,0.0272,0.0255,2.16,0.661,13.5,17.4,13.8,17.8,2  1/4 
WT4X33.5,33.5,9.84,4.50,4  1/2 ,8.28,8  1/4 ,0.570,  9/16,  5/16,0.935, 15/16,1.33,1  5/8 ,0.936,0.594,4.43,7.89,10.9,6.29,3.05,1.05,44.3,16.3,10.7,2.12,2.51,3.56,2.41,0.962,16.8,25.0,17.3,25.6,5  1/2 
WT4X29,29.0,8.54,4.38,4  3/8 ,8.22,8  1/4 ,0.510,  1/2 ,  1/4 ,0.810, 13/16,1.20,1  1/2 ,0.874,0.520,5.07,8.59,9.12,5.25,2.61,1.03,37.5,13.9,9.13,2.10,1.66,2.28,2.38,0.961,16.5,24.7,17.0,25.2,5  1/2 
WT4X24,24.0,7.05,4.25,4  1/4 ,8.11,8  1/8 ,0.400,  3/8 ,  3/16,0.685, 11/16,1.08,1  3/8 ,0.777,0.435,5.92,10.6,6.85,3.94,1.97,0.986,30.5,11.4,7.51,2.08,0.977,1.30,2.34,0.966,16.1,24.2,16.6,24.7,5  1/2 
WT4X20,20.0,5.87,4.13,4  1/8 ,8.07,8  1/8 ,0.360,  3/8 ,  3/16,0.560,  9/16,0.954,1  1/4 ,0.735,0.364,7.21,11.5,5.73,3.25,1.69,0.988,24.5,9.24,6.08,2.04,0.558,0.715,2.32,0.961,15.8,23.9,16.3,24.4,5  1/2 
WT4X17.5,17.5,5.14,4.06,4      ,8.02,8      ,0.310,  5/16,  3/16,0.495,  1/2 ,0.889,1  3/16,0.688,0.321,8.10,13.1,4.82,2.71,1.43,0.968,21.3,8.05,5.31,2.03,0.384,0.480,2.30,0.963,15.6,23.6,16.1,24.2,5  1/2 
WT4X15.5,15.5,4.56,4.00,4      ,8.00,8      ,0.285,  5/16,  3/16,0.435,  7/16,0.829,1  1/8 ,0.668,0.285,9.19,14.0,4.28,2.39,1.28,0.969,18.5,7.03,4.64,2.02,0.267,0.327,2.28,0.961,15.5,23.5,16.0,24.0,5  1/2 
WT4X14,14.0,4.12,4.03,4      ,6.54,6  1/2 ,0.285,  5/16,  3/16,0.465,  7/16,0.859, 15/16,0.734,0.315,7.03,14.1,4.23,2.38,1.28,1.01,10.8,5.04,3.31,1.62,0.268,0.230,1.98,0.935,14.2,20.8,14.6,21.1,4      
WT4X12,12.0,3.54,3.97,4      ,6.50,6  1/2 ,0.245,  1/4 ,  1/8 ,0.400,  3/8 ,0.794,  7/8 ,0.695,0.272,8.12,16.2,3.53,1.98,1.08,0.999,9.14,4.28,2.81,1.61,0.173,0.144,1.96,0.936,14.1,20.6,14.4,20.9,4      
WT4X10.5,10.5,3.08,4.14,4  1/8 ,5.27,5  1/4 ,0.250,  1/4 ,  1/8 ,0.400,  3/8 ,0.700,  7/8 ,0.831,0.292,6.59,16.6,3.90,2.11,1.18,1.12,4.88,2.84,1.85,1.26,0.141,0.0916,1.80,0.877,13.2,18.5,13.6,18.8,2  3/4 
WT4X9,9.00,2.63,4.07,4  1/8 ,5.25,5  1/4 ,0.230,  1/4 ,  1/8 ,0.330,  5/16,0.630, 13/16,0.834,0.251,7.95,17.7,3.41,1.86,1.05,1.14,3.98,2.33,1.52,1.23,0.0855,0.0562,1.80,0.863,13.1,18.3,13.4,18.6,2  3/4 
WT4X7.5,7.50,2.22,4.06,4      ,4.02,4      ,0.245,  1/4 ,  1/8 ,0.315,  5/16,0.615, 13/16,0.998,0.276,6.37,16.6,3.28,1.91,1.07,1.22,1.70,1.33,0.849,0.876,0.0679,0.0382,1.72,0.760,11.8,15.8,12.1,16.2,2  1/4 
WT4X6.5,6.50,1.92,4.00,4      ,4.00,4      ,0.230,  1/4 ,  1/8 ,0.255,  1/4 ,0.555,  3/4 ,1.03,0.240,7.84,17.4,2.89,1.74,0.974,1.23,1.36,1.07,0.682,0.843,0.0433,0.0269,1.74,0.733,11.7,15.7,12.0,16.0,2  1/4 
WT4X5,5.00,1.48,3.95,4      ,3.94,4      ,0.170,  3/16,  1/8 ,0.205,  3/16,0.505, 11/16,0.953,0.188,9.61,23.2,2.15,1.27,0.717,1.20,1.05,0.826,0.531,0.840,0.0212,0.0114,1.70,0.749,11.5,15.4,11.8,15.8,2  1/4 
WT3X12.5,12.5,3.67,3.19,3  1/4 ,6.08,6  1/8 ,0.320,  5/16,  3/16,0.455,  7/16,0.705, 15/16,0.610,0.302,6.68,10.0,2.29,1.68,0.886,0.789,8.53,4.28,2.81,1.52,0.229,0.171,1.76,0.953,12.1,18.2,12.5,18.5,3  1/2 
WT3X10,10.0,2.94,3.10,3  1/8 ,6.02,6      ,0.260,  1/4 ,  1/8 ,0.365,  3/8 ,0.615,  7/8 ,0.560,0.244,8.25,11.9,1.76,1.29,0.693,0.774,6.64,3.36,2.21,1.50,0.120,0.0858,1.73,0.953,11.9,17.9,12.2,18.2,3  1/2 
WT3X7.5,7.50,2.21,3.00,3      ,5.99,6      ,0.230,  1/4 ,  1/8 ,0.260,  1/4 ,0.510,  3/4 ,0.558,0.185,11.5,13.0,1.41,1.03,0.577,0.797,4.66,2.37,1.56,1.45,0.0504,0.0342,1.71,0.937,11.7,17.6,12.0,18.0,3  1/2 
WT3X8,8.00,2.37,3.14,3  1/8 ,4.03,4      ,0.260,  1/4 ,  1/8 ,0.405,  3/8 ,0.655,  7/8 ,0.676,0.294,4.98,12.1,1.69,1.25,0.685,0.844,2.21,1.69,1.10,0.966,0.111,0.0426,1.37,0.880,10.0,14.0,10.3,14.3,2  1/4 
WT3X6,6.00,1.78,3.02,3      ,4.00,4      ,0.230,  1/4 ,  1/8 ,0.280,  1/4 ,0.530,  3/4 ,0.677,0.222,7.14,13.1,1.32,1.01,0.564,0.862,1.50,1.16,0.748,0.918,0.0449,0.0178,1.37,0.846,9.70,13.7,10.0,14.0,2  1/4 
WT3X4.5,4.50,1.34,2.95,3      ,3.94,4      ,0.170,  3/16,  1/8 ,0.215,  3/16,0.465, 11/16,0.623,0.170,9.16,17.4,0.950,0.720,0.408,0.842,1.10,0.856,0.557,0.905,0.0202,0.00736,1.34,0.852,9.50,13.4,9.84,13.8,2  1/4 
WT3X4.25,4.25,1.26,2.92,2  7/8 ,3.94,4      ,0.170,  3/16,  1/8 ,0.195,  3/16,0.445, 11/16,0.637,0.160,10.1,17.2,0.905,0.700,0.397,0.848,0.995,0.778,0.505,0.890,0.0166,0.00620,1.34,0.839,9.44,13.4,9.78,13.7,2  1/4 
WT2.5X9.5,9.50,2.78,2.58,2  5/8 ,5.03,5      ,0.270,  1/4 ,  1/8 ,0.430,  7/16,0.730, 13/16,0.487,0.276,5.85,9.56,1.01,0.970,0.485,0.604,4.56,2.76,1.81,1.28,0.157,0.0775,1.44,0.964,9.93,15.0,10.2,15.2,2  3/4 
WT2.5X8,8.00,2.35,2.51,2  1/2 ,5.00,5      ,0.240,  1/4 ,  1/8 ,0.360,  3/8 ,0.660,  3/4 ,0.458,0.235,6.94,10.5,0.845,0.801,0.413,0.599,3.75,2.28,1.50,1.26,0.0958,0.0453,1.43,0.962,9.76,14.8,10.0,15.0,2  3/4 
WT2X6.5,6.50,1.91,2.08,2  1/8 ,4.06,4      ,0.280,  1/4 ,  1/8 ,0.345,  3/8 ,0.595,  3/4 ,0.440,0.236,5.88,7.43,0.526,0.616,0.321,0.524,1.93,1.46,0.950,1.00,0.0750,0.0233,1.16,0.947,7.95,12.0,8.22,12.3,2  1/4 